2026-10-02T00:00:30.369-03:00  INFO 47912 --- [zeroshop] [http-nio-8080-exec-1] o.a.c.c.C.[Tomcat].[localhost].[/]       : Initializing Spring DispatcherServlet 'dispatcherServlet'
2026-10-02T00:00:30.372-03:00  INFO 47912 --- [zeroshop] [http-nio-8080-exec-1] o.s.web.servlet.DispatcherServlet        : Initializing Servlet 'dispatcherServlet'
2026-10-02T00:00:30.373-03:00  INFO 47912 --- [zeroshop] [http-nio-8080-exec-1] o.s.web.servlet.DispatcherServlet        : Completed initialization in 0 ms
2026-10-02T00:06:33.137-03:00  INFO 47912 --- [zeroshop] [File Watcher] rtingClassPathChangeChangedEventListener : Restarting due to 1 class path change (1 addition, 0 deletions, 0 modifications)
2026-10-02T00:06:33.138-03:00  INFO 47912 --- [zeroshop] [Thread-111] o.s.boot.tomcat.GracefulShutdown         : Commencing graceful shutdown. Waiting for active requests to complete
2026-10-02T00:06:33.141-03:00  INFO 47912 --- [zeroshop] [tomcat-shutdown] o.s.boot.tomcat.GracefulShutdown         : Graceful shutdown complete
2026-10-02T00:06:33.142-03:00  INFO 47912 --- [zeroshop] [Thread-111] j.LocalContainerEntityManagerFactoryBean : Closing JPA EntityManagerFactory for persistence unit 'default'
2026-10-02T00:06:33.143-03:00  INFO 47912 --- [zeroshop] [Thread-111] com.zaxxer.hikari.HikariDataSource       : HikariPool-28 - Shutdown initiated...
2026-10-02T00:06:33.143-03:00  INFO 47912 --- [zeroshop] [Thread-111] com.zaxxer.hikari.HikariDataSource       : HikariPool-28 - Shutdown completed.
2026-10-02T00:06:33.216-03:00  INFO 47912 --- [zeroshop] [restartedMain] ingsoftware.zeroshop.ZeroShopApp         : Starting ZeroShopApp using Java 21.0.12.1 with PID 47912 (C:\Users\Lucho\Desktop\zero-shop\target\classes started by Lucho in C:\Users\Lucho\Desktop\zero-shop)
2026-10-02T00:06:33.216-03:00  INFO 47912 --- [zeroshop] [restartedMain] ingsoftware.zeroshop.ZeroShopApp         : No active profile set, falling back to 1 default profile: "default"
2026-10-02T00:06:33.282-03:00  INFO 47912 --- [zeroshop] [restartedMain] .s.d.r.c.RepositoryConfigurationDelegate : Bootstrapping Spring Data JPA repositories in DEFAULT mode.
2026-10-02T00:06:33.309-03:00  INFO 47912 --- [zeroshop] [restartedMain] .s.d.r.c.RepositoryConfigurationDelegate : Finished Spring Data repository scanning in 26 ms. Found 29 JPA repository interfaces.
2026-10-02T00:06:33.342-03:00  INFO 47912 --- [zeroshop] [restartedMain] o.s.boot.tomcat.TomcatWebServer          : Tomcat initialized with port 8080 (http)
2026-10-02T00:06:33.343-03:00  INFO 47912 --- [zeroshop] [restartedMain] o.apache.catalina.core.StandardService   : Starting service [Tomcat]
2026-10-02T00:06:33.343-03:00  INFO 47912 --- [zeroshop] [restartedMain] o.apache.catalina.core.StandardEngine    : Starting Servlet engine: [Apache Tomcat/11.0.24]
2026-10-02T00:06:33.361-03:00  INFO 47912 --- [zeroshop] [restartedMain] b.w.c.s.WebApplicationContextInitializer : Root WebApplicationContext: initialization completed in 144 ms
2026-10-02T00:06:33.388-03:00  INFO 47912 --- [zeroshop] [restartedMain] org.hibernate.orm.jpa                    : HHH008540: Processing PersistenceUnitInfo [name: default]
2026-10-02T00:06:33.400-03:00  INFO 47912 --- [zeroshop] [restartedMain] o.s.o.j.p.SpringPersistenceUnitInfo      : No LoadTimeWeaver setup: ignoring JPA class transformer
2026-10-02T00:06:33.400-03:00  INFO 47912 --- [zeroshop] [restartedMain] com.zaxxer.hikari.HikariDataSource       : HikariPool-29 - Starting...
2026-10-02T00:06:33.523-03:00  INFO 47912 --- [zeroshop] [restartedMain] com.zaxxer.hikari.pool.HikariPool        : HikariPool-29 - Added connection org.postgresql.jdbc.PgConnection@ad8d443
2026-10-02T00:06:33.523-03:00  INFO 47912 --- [zeroshop] [restartedMain] com.zaxxer.hikari.HikariDataSource       : HikariPool-29 - Start completed.
2026-10-02T00:06:33.527-03:00  WARN 47912 --- [zeroshop] [restartedMain] org.hibernate.orm.deprecation            : HHH90000025: PostgreSQLDialect does not need to be specified explicitly using 'hibernate.dialect' (remove the property setting and it will be selected by default)
2026-10-02T00:06:33.532-03:00  INFO 47912 --- [zeroshop] [restartedMain] org.hibernate.orm.connections.pooling    : HHH10001005: Database info:
	Database JDBC URL [jdbc:postgresql://localhost:5432/zero-shop?currentSchema=public]
	Database driver: PostgreSQL JDBC Driver
	Database dialect: PostgreSQLDialect
	Database version: 18.6
	Default catalog/schema: zero-shop/public
	Autocommit mode: undefined/unknown
	Isolation level: READ_COMMITTED [default READ_COMMITTED]
	JDBC fetch size: none
	Pool: DataSourceConnectionProvider
	Minimum pool size: undefined/unknown
	Maximum pool size: undefined/unknown
2026-10-02T00:06:33.620-03:00  INFO 47912 --- [zeroshop] [restartedMain] org.hibernate.orm.core                   : HHH000489: No JTA platform available (set 'hibernate.transaction.jta.platform' to enable JTA platform integration)
2026-10-02T00:06:33.656-03:00  INFO 47912 --- [zeroshop] [restartedMain] j.LocalContainerEntityManagerFactoryBean : Initialized JPA EntityManagerFactory for persistence unit 'default'
2026-10-02T00:06:33.796-03:00  INFO 47912 --- [zeroshop] [restartedMain] ingsoftware.zeroshop.config.MailConfig   : JavaMailSender configurado exitosamente para la cuenta SMTP: juancruz.ambrosini2@gmail.com
2026-10-02T00:06:33.824-03:00  INFO 47912 --- [zeroshop] [restartedMain] i.z.s.transaction.MercadoPagoService     : Mercado Pago SDK inicializado correctamente.
2026-10-02T00:06:33.844-03:00  INFO 47912 --- [zeroshop] [restartedMain] i.z.service.storage.FileStorageService   : Directorio de almacenamiento de archivos inicializado en: C:\Users\Lucho\Desktop\zero-shop\uploads\products
2026-10-02T00:06:33.872-03:00  INFO 47912 --- [zeroshop] [restartedMain] r$InitializeUserDetailsManagerConfigurer : Global AuthenticationManager configured with UserDetailsService bean with name customUserDetailsService
2026-10-02T00:06:33.925-03:00  INFO 47912 --- [zeroshop] [restartedMain] o.s.b.d.a.OptionalLiveReloadServer       : LiveReload server is running on port 35729
2026-10-02T00:06:33.932-03:00  INFO 47912 --- [zeroshop] [restartedMain] o.s.boot.tomcat.TomcatWebServer          : Tomcat started on port 8080 (http) with context path '/'
2026-10-02T00:06:33.933-03:00  INFO 47912 --- [zeroshop] [restartedMain] ingsoftware.zeroshop.ZeroShopApp         : Started ZeroShopApp in 0.726 seconds (process running for 4116.877)
2026-10-02T00:06:33.934-03:00  INFO 47912 --- [zeroshop] [restartedMain] i.z.config.DatabaseMigrationRunner       : Restricción orders_status_check verificada y eliminada para permitir nuevos estados de pedido.
2026-10-02T00:06:33.937-03:00  INFO 47912 --- [zeroshop] [restartedMain] i.z.config.DatabaseMigrationRunner       : Columna orders.payment_method verificada y sincronizada.
2026-10-02T00:06:33.937-03:00  INFO 47912 --- [zeroshop] [restartedMain] i.z.config.DatabaseMigrationRunner       : Columna sale_orders.office_id verificada para permitir null en estado ON_CART.
2026-10-02T00:06:33.938-03:00  INFO 47912 --- [zeroshop] [restartedMain] i.z.config.DatabaseMigrationRunner       : Restricción única de users.person_id eliminada para permitir múltiples usuarios por persona.
2026-10-02T00:06:33.946-03:00  INFO 47912 --- [zeroshop] [restartedMain] i.z.config.DatabaseMigrationRunner       : Restricción sale_orders.client_id actualizada para referenciar persons(id).
2026-10-02T00:06:33.947-03:00  INFO 47912 --- [zeroshop] [restartedMain] i.z.config.DatabaseMigrationRunner       : Tabla person_addresses actualizada para permitir inserción de join table.
2026-10-02T00:06:33.947-03:00  INFO 47912 --- [zeroshop] [restartedMain] i.z.config.DatabaseMigrationRunner       : Tabla person_contacts actualizada para permitir inserción de join table.
2026-10-02T00:06:33.948-03:00  INFO 47912 --- [zeroshop] [restartedMain] i.z.config.DatabaseMigrationRunner       : Tabla supplier_addresses actualizada para permitir inserción de join table.
2026-10-02T00:06:33.949-03:00  INFO 47912 --- [zeroshop] [restartedMain] i.z.config.DatabaseMigrationRunner       : Tabla supplier_contacts actualizada para permitir inserción de join table.
2026-10-02T00:06:33.949-03:00  INFO 47912 --- [zeroshop] [restartedMain] i.z.config.DatabaseMigrationRunner       : Tabla pending_registrations verificada o creada con éxito.
2026-10-02T00:06:33.969-03:00  INFO 47912 --- [zeroshop] [restartedMain] i.zeroshop.config.DataInitializer        : La base de datos ya contiene datos registrados. Omitiendo repoblación automática.
2026-10-02T00:06:33.982-03:00  INFO 47912 --- [zeroshop] [restartedMain] i.zeroshop.config.DataInitializer        : Imágenes y nombres del catálogo inicial sincronizados con éxito.
2026-10-02T00:06:33.982-03:00  INFO 47912 --- [zeroshop] [restartedMain] .ConditionEvaluationDeltaLoggingListener : Condition evaluation unchanged
2026-10-02T00:06:44.769-03:00  INFO 47912 --- [zeroshop] [File Watcher] rtingClassPathChangeChangedEventListener : Restarting due to 1 class path change (1 addition, 0 deletions, 0 modifications)
2026-10-02T00:06:44.770-03:00  INFO 47912 --- [zeroshop] [Thread-115] o.s.boot.tomcat.GracefulShutdown         : Commencing graceful shutdown. Waiting for active requests to complete
2026-10-02T00:06:44.773-03:00  INFO 47912 --- [zeroshop] [tomcat-shutdown] o.s.boot.tomcat.GracefulShutdown         : Graceful shutdown complete
2026-10-02T00:06:44.774-03:00  INFO 47912 --- [zeroshop] [Thread-115] j.LocalContainerEntityManagerFactoryBean : Closing JPA EntityManagerFactory for persistence unit 'default'
2026-10-02T00:06:44.774-03:00  INFO 47912 --- [zeroshop] [Thread-115] com.zaxxer.hikari.HikariDataSource       : HikariPool-29 - Shutdown initiated...
2026-10-02T00:06:44.775-03:00  INFO 47912 --- [zeroshop] [Thread-115] com.zaxxer.hikari.HikariDataSource       : HikariPool-29 - Shutdown completed.
2026-10-02T00:06:44.847-03:00  INFO 47912 --- [zeroshop] [restartedMain] ingsoftware.zeroshop.ZeroShopApp         : Starting ZeroShopApp using Java 21.0.12.1 with PID 47912 (C:\Users\Lucho\Desktop\zero-shop\target\classes started by Lucho in C:\Users\Lucho\Desktop\zero-shop)
2026-10-02T00:06:44.847-03:00  INFO 47912 --- [zeroshop] [restartedMain] ingsoftware.zeroshop.ZeroShopApp         : No active profile set, falling back to 1 default profile: "default"
2026-10-02T00:06:44.916-03:00  INFO 47912 --- [zeroshop] [restartedMain] .s.d.r.c.RepositoryConfigurationDelegate : Bootstrapping Spring Data JPA repositories in DEFAULT mode.
2026-10-02T00:06:44.942-03:00  INFO 47912 --- [zeroshop] [restartedMain] .s.d.r.c.RepositoryConfigurationDelegate : Finished Spring Data repository scanning in 26 ms. Found 29 JPA repository interfaces.
2026-10-02T00:06:44.974-03:00  INFO 47912 --- [zeroshop] [restartedMain] o.s.boot.tomcat.TomcatWebServer          : Tomcat initialized with port 8080 (http)
2026-10-02T00:06:44.974-03:00  INFO 47912 --- [zeroshop] [restartedMain] o.apache.catalina.core.StandardService   : Starting service [Tomcat]
2026-10-02T00:06:44.974-03:00  INFO 47912 --- [zeroshop] [restartedMain] o.apache.catalina.core.StandardEngine    : Starting Servlet engine: [Apache Tomcat/11.0.24]
2026-10-02T00:06:44.988-03:00  INFO 47912 --- [zeroshop] [restartedMain] b.w.c.s.WebApplicationContextInitializer : Root WebApplicationContext: initialization completed in 140 ms
2026-10-02T00:06:45.006-03:00  INFO 47912 --- [zeroshop] [restartedMain] org.hibernate.orm.jpa                    : HHH008540: Processing PersistenceUnitInfo [name: default]
2026-10-02T00:06:45.018-03:00  INFO 47912 --- [zeroshop] [restartedMain] o.s.o.j.p.SpringPersistenceUnitInfo      : No LoadTimeWeaver setup: ignoring JPA class transformer
2026-10-02T00:06:45.019-03:00  INFO 47912 --- [zeroshop] [restartedMain] com.zaxxer.hikari.HikariDataSource       : HikariPool-30 - Starting...
2026-10-02T00:06:45.040-03:00  INFO 47912 --- [zeroshop] [restartedMain] com.zaxxer.hikari.pool.HikariPool        : HikariPool-30 - Added connection org.postgresql.jdbc.PgConnection@5b517b39
2026-10-02T00:06:45.040-03:00  INFO 47912 --- [zeroshop] [restartedMain] com.zaxxer.hikari.HikariDataSource       : HikariPool-30 - Start completed.
2026-10-02T00:06:45.044-03:00  WARN 47912 --- [zeroshop] [restartedMain] org.hibernate.orm.deprecation            : HHH90000025: PostgreSQLDialect does not need to be specified explicitly using 'hibernate.dialect' (remove the property setting and it will be selected by default)
2026-10-02T00:06:45.048-03:00  INFO 47912 --- [zeroshop] [restartedMain] org.hibernate.orm.connections.pooling    : HHH10001005: Database info:
	Database JDBC URL [jdbc:postgresql://localhost:5432/zero-shop?currentSchema=public]
	Database driver: PostgreSQL JDBC Driver
	Database dialect: PostgreSQLDialect
	Database version: 18.6
	Default catalog/schema: zero-shop/public
	Autocommit mode: undefined/unknown
	Isolation level: READ_COMMITTED [default READ_COMMITTED]
	JDBC fetch size: none
	Pool: DataSourceConnectionProvider
	Minimum pool size: undefined/unknown
	Maximum pool size: undefined/unknown
2026-10-02T00:06:45.138-03:00  INFO 47912 --- [zeroshop] [restartedMain] org.hibernate.orm.core                   : HHH000489: No JTA platform available (set 'hibernate.transaction.jta.platform' to enable JTA platform integration)
2026-10-02T00:06:45.169-03:00  INFO 47912 --- [zeroshop] [restartedMain] j.LocalContainerEntityManagerFactoryBean : Initialized JPA EntityManagerFactory for persistence unit 'default'
2026-10-02T00:06:45.283-03:00  INFO 47912 --- [zeroshop] [restartedMain] ingsoftware.zeroshop.config.MailConfig   : JavaMailSender configurado exitosamente para la cuenta SMTP: juancruz.ambrosini2@gmail.com
2026-10-02T00:06:45.305-03:00  INFO 47912 --- [zeroshop] [restartedMain] i.z.s.transaction.MercadoPagoService     : Mercado Pago SDK inicializado correctamente.
2026-10-02T00:06:45.320-03:00  INFO 47912 --- [zeroshop] [restartedMain] i.z.service.storage.FileStorageService   : Directorio de almacenamiento de archivos inicializado en: C:\Users\Lucho\Desktop\zero-shop\uploads\products
2026-10-02T00:06:45.348-03:00  INFO 47912 --- [zeroshop] [restartedMain] r$InitializeUserDetailsManagerConfigurer : Global AuthenticationManager configured with UserDetailsService bean with name customUserDetailsService
2026-10-02T00:06:45.398-03:00  INFO 47912 --- [zeroshop] [restartedMain] o.s.b.d.a.OptionalLiveReloadServer       : LiveReload server is running on port 35729
2026-10-02T00:06:45.404-03:00  INFO 47912 --- [zeroshop] [restartedMain] o.s.boot.tomcat.TomcatWebServer          : Tomcat started on port 8080 (http) with context path '/'
2026-10-02T00:06:45.405-03:00  INFO 47912 --- [zeroshop] [restartedMain] ingsoftware.zeroshop.ZeroShopApp         : Started ZeroShopApp in 0.567 seconds (process running for 4128.349)
2026-10-02T00:06:45.425-03:00  INFO 47912 --- [zeroshop] [restartedMain] i.zeroshop.config.DataInitializer        : La base de datos ya contiene datos registrados. Omitiendo repoblación automática.
2026-10-02T00:06:45.437-03:00  INFO 47912 --- [zeroshop] [restartedMain] i.zeroshop.config.DataInitializer        : Imágenes y nombres del catálogo inicial sincronizados con éxito.
2026-10-02T00:06:45.438-03:00  INFO 47912 --- [zeroshop] [restartedMain] i.z.config.DatabaseMigrationRunner       : Restricción orders_status_check verificada y eliminada para permitir nuevos estados de pedido.
2026-10-02T00:06:45.441-03:00  INFO 47912 --- [zeroshop] [restartedMain] i.z.config.DatabaseMigrationRunner       : Columna orders.payment_method verificada y sincronizada.
2026-10-02T00:06:45.441-03:00  INFO 47912 --- [zeroshop] [restartedMain] i.z.config.DatabaseMigrationRunner       : Columna sale_orders.office_id verificada para permitir null en estado ON_CART.
2026-10-02T00:06:45.442-03:00  INFO 47912 --- [zeroshop] [restartedMain] i.z.config.DatabaseMigrationRunner       : Restricción única de users.person_id eliminada para permitir múltiples usuarios por persona.
2026-10-02T00:06:45.445-03:00  INFO 47912 --- [zeroshop] [restartedMain] i.z.config.DatabaseMigrationRunner       : Restricción sale_orders.client_id actualizada para referenciar persons(id).
2026-10-02T00:06:45.445-03:00  INFO 47912 --- [zeroshop] [restartedMain] i.z.config.DatabaseMigrationRunner       : Tabla person_addresses actualizada para permitir inserción de join table.
2026-10-02T00:06:45.446-03:00  INFO 47912 --- [zeroshop] [restartedMain] i.z.config.DatabaseMigrationRunner       : Tabla person_contacts actualizada para permitir inserción de join table.
2026-10-02T00:06:45.447-03:00  INFO 47912 --- [zeroshop] [restartedMain] i.z.config.DatabaseMigrationRunner       : Tabla supplier_addresses actualizada para permitir inserción de join table.
2026-10-02T00:06:45.447-03:00  INFO 47912 --- [zeroshop] [restartedMain] i.z.config.DatabaseMigrationRunner       : Tabla supplier_contacts actualizada para permitir inserción de join table.
2026-10-02T00:06:45.448-03:00  INFO 47912 --- [zeroshop] [restartedMain] i.z.config.DatabaseMigrationRunner       : Tabla pending_registrations verificada o creada con éxito.
2026-10-02T00:06:45.448-03:00  INFO 47912 --- [zeroshop] [restartedMain] .ConditionEvaluationDeltaLoggingListener : Condition evaluation unchanged
2026-10-02T00:07:02.495-03:00  INFO 47912 --- [zeroshop] [File Watcher] rtingClassPathChangeChangedEventListener : Restarting due to 1 class path change (1 addition, 0 deletions, 0 modifications)
2026-10-02T00:07:02.496-03:00  INFO 47912 --- [zeroshop] [Thread-119] o.s.boot.tomcat.GracefulShutdown         : Commencing graceful shutdown. Waiting for active requests to complete
2026-10-02T00:07:02.500-03:00  INFO 47912 --- [zeroshop] [tomcat-shutdown] o.s.boot.tomcat.GracefulShutdown         : Graceful shutdown complete
2026-10-02T00:07:02.501-03:00  INFO 47912 --- [zeroshop] [Thread-119] j.LocalContainerEntityManagerFactoryBean : Closing JPA EntityManagerFactory for persistence unit 'default'
2026-10-02T00:07:02.501-03:00  INFO 47912 --- [zeroshop] [Thread-119] com.zaxxer.hikari.HikariDataSource       : HikariPool-30 - Shutdown initiated...
2026-10-02T00:07:02.501-03:00  INFO 47912 --- [zeroshop] [Thread-119] com.zaxxer.hikari.HikariDataSource       : HikariPool-30 - Shutdown completed.
2026-10-02T00:07:02.577-03:00  INFO 47912 --- [zeroshop] [restartedMain] ingsoftware.zeroshop.ZeroShopApp         : Starting ZeroShopApp using Java 21.0.12.1 with PID 47912 (C:\Users\Lucho\Desktop\zero-shop\target\classes started by Lucho in C:\Users\Lucho\Desktop\zero-shop)
2026-10-02T00:07:02.577-03:00  INFO 47912 --- [zeroshop] [restartedMain] ingsoftware.zeroshop.ZeroShopApp         : No active profile set, falling back to 1 default profile: "default"
2026-10-02T00:07:02.648-03:00  INFO 47912 --- [zeroshop] [restartedMain] .s.d.r.c.RepositoryConfigurationDelegate : Bootstrapping Spring Data JPA repositories in DEFAULT mode.
2026-10-02T00:07:02.685-03:00  INFO 47912 --- [zeroshop] [restartedMain] .s.d.r.c.RepositoryConfigurationDelegate : Finished Spring Data repository scanning in 36 ms. Found 29 JPA repository interfaces.
2026-10-02T00:07:02.721-03:00  INFO 47912 --- [zeroshop] [restartedMain] o.s.boot.tomcat.TomcatWebServer          : Tomcat initialized with port 8080 (http)
2026-10-02T00:07:02.721-03:00  INFO 47912 --- [zeroshop] [restartedMain] o.apache.catalina.core.StandardService   : Starting service [Tomcat]
2026-10-02T00:07:02.721-03:00  INFO 47912 --- [zeroshop] [restartedMain] o.apache.catalina.core.StandardEngine    : Starting Servlet engine: [Apache Tomcat/11.0.24]
2026-10-02T00:07:02.740-03:00  INFO 47912 --- [zeroshop] [restartedMain] b.w.c.s.WebApplicationContextInitializer : Root WebApplicationContext: initialization completed in 162 ms
2026-10-02T00:07:02.759-03:00  INFO 47912 --- [zeroshop] [restartedMain] org.hibernate.orm.jpa                    : HHH008540: Processing PersistenceUnitInfo [name: default]
2026-10-02T00:07:02.770-03:00  INFO 47912 --- [zeroshop] [restartedMain] o.s.o.j.p.SpringPersistenceUnitInfo      : No LoadTimeWeaver setup: ignoring JPA class transformer
2026-10-02T00:07:02.771-03:00  INFO 47912 --- [zeroshop] [restartedMain] com.zaxxer.hikari.HikariDataSource       : HikariPool-31 - Starting...
2026-10-02T00:07:02.791-03:00  INFO 47912 --- [zeroshop] [restartedMain] com.zaxxer.hikari.pool.HikariPool        : HikariPool-31 - Added connection org.postgresql.jdbc.PgConnection@7f8a1fc9
2026-10-02T00:07:02.792-03:00  INFO 47912 --- [zeroshop] [restartedMain] com.zaxxer.hikari.HikariDataSource       : HikariPool-31 - Start completed.
2026-10-02T00:07:02.796-03:00  WARN 47912 --- [zeroshop] [restartedMain] org.hibernate.orm.deprecation            : HHH90000025: PostgreSQLDialect does not need to be specified explicitly using 'hibernate.dialect' (remove the property setting and it will be selected by default)
2026-10-02T00:07:02.800-03:00  INFO 47912 --- [zeroshop] [restartedMain] org.hibernate.orm.connections.pooling    : HHH10001005: Database info:
	Database JDBC URL [jdbc:postgresql://localhost:5432/zero-shop?currentSchema=public]
	Database driver: PostgreSQL JDBC Driver
	Database dialect: PostgreSQLDialect
	Database version: 18.6
	Default catalog/schema: zero-shop/public
	Autocommit mode: undefined/unknown
	Isolation level: READ_COMMITTED [default READ_COMMITTED]
	JDBC fetch size: none
	Pool: DataSourceConnectionProvider
	Minimum pool size: undefined/unknown
	Maximum pool size: undefined/unknown
2026-10-02T00:07:02.921-03:00  INFO 47912 --- [zeroshop] [restartedMain] org.hibernate.orm.core                   : HHH000489: No JTA platform available (set 'hibernate.transaction.jta.platform' to enable JTA platform integration)
2026-10-02T00:07:02.953-03:00  INFO 47912 --- [zeroshop] [restartedMain] j.LocalContainerEntityManagerFactoryBean : Initialized JPA EntityManagerFactory for persistence unit 'default'
2026-10-02T00:07:03.078-03:00  INFO 47912 --- [zeroshop] [restartedMain] ingsoftware.zeroshop.config.MailConfig   : JavaMailSender configurado exitosamente para la cuenta SMTP: juancruz.ambrosini2@gmail.com
2026-10-02T00:07:03.106-03:00  INFO 47912 --- [zeroshop] [restartedMain] i.z.s.transaction.MercadoPagoService     : Mercado Pago SDK inicializado correctamente.
2026-10-02T00:07:03.130-03:00  INFO 47912 --- [zeroshop] [restartedMain] i.z.service.storage.FileStorageService   : Directorio de almacenamiento de archivos inicializado en: C:\Users\Lucho\Desktop\zero-shop\uploads\products
2026-10-02T00:07:03.172-03:00  INFO 47912 --- [zeroshop] [restartedMain] r$InitializeUserDetailsManagerConfigurer : Global AuthenticationManager configured with UserDetailsService bean with name customUserDetailsService
2026-10-02T00:07:03.252-03:00  INFO 47912 --- [zeroshop] [restartedMain] o.s.b.d.a.OptionalLiveReloadServer       : LiveReload server is running on port 35729
2026-10-02T00:07:03.259-03:00  INFO 47912 --- [zeroshop] [restartedMain] o.s.boot.tomcat.TomcatWebServer          : Tomcat started on port 8080 (http) with context path '/'
2026-10-02T00:07:03.261-03:00  INFO 47912 --- [zeroshop] [restartedMain] ingsoftware.zeroshop.ZeroShopApp         : Started ZeroShopApp in 0.695 seconds (process running for 4146.205)
2026-10-02T00:07:03.290-03:00  INFO 47912 --- [zeroshop] [restartedMain] i.zeroshop.config.DataInitializer        : La base de datos ya contiene datos registrados. Omitiendo repoblación automática.
2026-10-02T00:07:03.306-03:00  INFO 47912 --- [zeroshop] [restartedMain] i.zeroshop.config.DataInitializer        : Imágenes y nombres del catálogo inicial sincronizados con éxito.
2026-10-02T00:07:03.307-03:00  INFO 47912 --- [zeroshop] [restartedMain] i.z.config.DatabaseMigrationRunner       : Restricción orders_status_check verificada y eliminada para permitir nuevos estados de pedido.
2026-10-02T00:07:03.310-03:00  INFO 47912 --- [zeroshop] [restartedMain] i.z.config.DatabaseMigrationRunner       : Columna orders.payment_method verificada y sincronizada.
2026-10-02T00:07:03.311-03:00  INFO 47912 --- [zeroshop] [restartedMain] i.z.config.DatabaseMigrationRunner       : Columna sale_orders.office_id verificada para permitir null en estado ON_CART.
2026-10-02T00:07:03.313-03:00  INFO 47912 --- [zeroshop] [restartedMain] i.z.config.DatabaseMigrationRunner       : Restricción única de users.person_id eliminada para permitir múltiples usuarios por persona.
2026-10-02T00:07:03.316-03:00  INFO 47912 --- [zeroshop] [restartedMain] i.z.config.DatabaseMigrationRunner       : Restricción sale_orders.client_id actualizada para referenciar persons(id).
2026-10-02T00:07:03.317-03:00  INFO 47912 --- [zeroshop] [restartedMain] i.z.config.DatabaseMigrationRunner       : Tabla person_addresses actualizada para permitir inserción de join table.
2026-10-02T00:07:03.318-03:00  INFO 47912 --- [zeroshop] [restartedMain] i.z.config.DatabaseMigrationRunner       : Tabla person_contacts actualizada para permitir inserción de join table.
2026-10-02T00:07:03.319-03:00  INFO 47912 --- [zeroshop] [restartedMain] i.z.config.DatabaseMigrationRunner       : Tabla supplier_addresses actualizada para permitir inserción de join table.
2026-10-02T00:07:03.320-03:00  INFO 47912 --- [zeroshop] [restartedMain] i.z.config.DatabaseMigrationRunner       : Tabla supplier_contacts actualizada para permitir inserción de join table.
2026-10-02T00:07:03.321-03:00  INFO 47912 --- [zeroshop] [restartedMain] i.z.config.DatabaseMigrationRunner       : Tabla pending_registrations verificada o creada con éxito.
2026-10-02T00:07:03.321-03:00  INFO 47912 --- [zeroshop] [restartedMain] .ConditionEvaluationDeltaLoggingListener : Condition evaluation unchanged
2026-10-02T00:07:20.353-03:00  INFO 47912 --- [zeroshop] [File Watcher] rtingClassPathChangeChangedEventListener : Restarting due to 1 class path change (1 addition, 0 deletions, 0 modifications)
2026-10-02T00:07:20.354-03:00  INFO 47912 --- [zeroshop] [Thread-123] o.s.boot.tomcat.GracefulShutdown         : Commencing graceful shutdown. Waiting for active requests to complete
2026-10-02T00:07:20.357-03:00  INFO 47912 --- [zeroshop] [tomcat-shutdown] o.s.boot.tomcat.GracefulShutdown         : Graceful shutdown complete
2026-10-02T00:07:20.358-03:00  INFO 47912 --- [zeroshop] [Thread-123] j.LocalContainerEntityManagerFactoryBean : Closing JPA EntityManagerFactory for persistence unit 'default'
2026-10-02T00:07:20.358-03:00  INFO 47912 --- [zeroshop] [Thread-123] com.zaxxer.hikari.HikariDataSource       : HikariPool-31 - Shutdown initiated...
2026-10-02T00:07:20.359-03:00  INFO 47912 --- [zeroshop] [Thread-123] com.zaxxer.hikari.HikariDataSource       : HikariPool-31 - Shutdown completed.
2026-10-02T00:07:20.434-03:00  INFO 47912 --- [zeroshop] [restartedMain] ingsoftware.zeroshop.ZeroShopApp         : Starting ZeroShopApp using Java 21.0.12.1 with PID 47912 (C:\Users\Lucho\Desktop\zero-shop\target\classes started by Lucho in C:\Users\Lucho\Desktop\zero-shop)
2026-10-02T00:07:20.435-03:00  INFO 47912 --- [zeroshop] [restartedMain] ingsoftware.zeroshop.ZeroShopApp         : No active profile set, falling back to 1 default profile: "default"
2026-10-02T00:07:20.515-03:00  INFO 47912 --- [zeroshop] [restartedMain] .s.d.r.c.RepositoryConfigurationDelegate : Bootstrapping Spring Data JPA repositories in DEFAULT mode.
2026-10-02T00:07:20.556-03:00  INFO 47912 --- [zeroshop] [restartedMain] .s.d.r.c.RepositoryConfigurationDelegate : Finished Spring Data repository scanning in 39 ms. Found 29 JPA repository interfaces.
2026-10-02T00:07:20.594-03:00  INFO 47912 --- [zeroshop] [restartedMain] o.s.boot.tomcat.TomcatWebServer          : Tomcat initialized with port 8080 (http)
2026-10-02T00:07:20.594-03:00  INFO 47912 --- [zeroshop] [restartedMain] o.apache.catalina.core.StandardService   : Starting service [Tomcat]
2026-10-02T00:07:20.594-03:00  INFO 47912 --- [zeroshop] [restartedMain] o.apache.catalina.core.StandardEngine    : Starting Servlet engine: [Apache Tomcat/11.0.24]
2026-10-02T00:07:20.611-03:00  INFO 47912 --- [zeroshop] [restartedMain] b.w.c.s.WebApplicationContextInitializer : Root WebApplicationContext: initialization completed in 176 ms
2026-10-02T00:07:20.634-03:00  INFO 47912 --- [zeroshop] [restartedMain] org.hibernate.orm.jpa                    : HHH008540: Processing PersistenceUnitInfo [name: default]
2026-10-02T00:07:20.646-03:00  INFO 47912 --- [zeroshop] [restartedMain] o.s.o.j.p.SpringPersistenceUnitInfo      : No LoadTimeWeaver setup: ignoring JPA class transformer
2026-10-02T00:07:20.647-03:00  INFO 47912 --- [zeroshop] [restartedMain] com.zaxxer.hikari.HikariDataSource       : HikariPool-32 - Starting...
2026-10-02T00:07:20.671-03:00  INFO 47912 --- [zeroshop] [restartedMain] com.zaxxer.hikari.pool.HikariPool        : HikariPool-32 - Added connection org.postgresql.jdbc.PgConnection@23d623b2
2026-10-02T00:07:20.671-03:00  INFO 47912 --- [zeroshop] [restartedMain] com.zaxxer.hikari.HikariDataSource       : HikariPool-32 - Start completed.
2026-10-02T00:07:20.676-03:00  WARN 47912 --- [zeroshop] [restartedMain] org.hibernate.orm.deprecation            : HHH90000025: PostgreSQLDialect does not need to be specified explicitly using 'hibernate.dialect' (remove the property setting and it will be selected by default)
2026-10-02T00:07:20.681-03:00  INFO 47912 --- [zeroshop] [restartedMain] org.hibernate.orm.connections.pooling    : HHH10001005: Database info:
	Database JDBC URL [jdbc:postgresql://localhost:5432/zero-shop?currentSchema=public]
	Database driver: PostgreSQL JDBC Driver
	Database dialect: PostgreSQLDialect
	Database version: 18.6
	Default catalog/schema: zero-shop/public
	Autocommit mode: undefined/unknown
	Isolation level: READ_COMMITTED [default READ_COMMITTED]
	JDBC fetch size: none
	Pool: DataSourceConnectionProvider
	Minimum pool size: undefined/unknown
	Maximum pool size: undefined/unknown
2026-10-02T00:07:20.801-03:00  INFO 47912 --- [zeroshop] [restartedMain] org.hibernate.orm.core                   : HHH000489: No JTA platform available (set 'hibernate.transaction.jta.platform' to enable JTA platform integration)
2026-10-02T00:07:20.835-03:00  INFO 47912 --- [zeroshop] [restartedMain] j.LocalContainerEntityManagerFactoryBean : Initialized JPA EntityManagerFactory for persistence unit 'default'
2026-10-02T00:07:21.000-03:00  INFO 47912 --- [zeroshop] [restartedMain] ingsoftware.zeroshop.config.MailConfig   : JavaMailSender configurado exitosamente para la cuenta SMTP: juancruz.ambrosini2@gmail.com
2026-10-02T00:07:21.021-03:00  INFO 47912 --- [zeroshop] [restartedMain] i.z.s.transaction.MercadoPagoService     : Mercado Pago SDK inicializado correctamente.
2026-10-02T00:07:21.042-03:00  INFO 47912 --- [zeroshop] [restartedMain] i.z.service.storage.FileStorageService   : Directorio de almacenamiento de archivos inicializado en: C:\Users\Lucho\Desktop\zero-shop\uploads\products
2026-10-02T00:07:21.072-03:00  INFO 47912 --- [zeroshop] [restartedMain] r$InitializeUserDetailsManagerConfigurer : Global AuthenticationManager configured with UserDetailsService bean with name customUserDetailsService
2026-10-02T00:07:21.130-03:00  INFO 47912 --- [zeroshop] [restartedMain] o.s.b.d.a.OptionalLiveReloadServer       : LiveReload server is running on port 35729
2026-10-02T00:07:21.135-03:00  INFO 47912 --- [zeroshop] [restartedMain] o.s.boot.tomcat.TomcatWebServer          : Tomcat started on port 8080 (http) with context path '/'
2026-10-02T00:07:21.137-03:00  INFO 47912 --- [zeroshop] [restartedMain] ingsoftware.zeroshop.ZeroShopApp         : Started ZeroShopApp in 0.713 seconds (process running for 4164.081)
2026-10-02T00:07:21.157-03:00  INFO 47912 --- [zeroshop] [restartedMain] i.zeroshop.config.DataInitializer        : La base de datos ya contiene datos registrados. Omitiendo repoblación automática.
2026-10-02T00:07:21.170-03:00  INFO 47912 --- [zeroshop] [restartedMain] i.zeroshop.config.DataInitializer        : Imágenes y nombres del catálogo inicial sincronizados con éxito.
2026-10-02T00:07:21.171-03:00  INFO 47912 --- [zeroshop] [restartedMain] i.z.config.DatabaseMigrationRunner       : Restricción orders_status_check verificada y eliminada para permitir nuevos estados de pedido.
2026-10-02T00:07:21.173-03:00  INFO 47912 --- [zeroshop] [restartedMain] i.z.config.DatabaseMigrationRunner       : Columna orders.payment_method verificada y sincronizada.
2026-10-02T00:07:21.173-03:00  INFO 47912 --- [zeroshop] [restartedMain] i.z.config.DatabaseMigrationRunner       : Columna sale_orders.office_id verificada para permitir null en estado ON_CART.
2026-10-02T00:07:21.175-03:00  INFO 47912 --- [zeroshop] [restartedMain] i.z.config.DatabaseMigrationRunner       : Restricción única de users.person_id eliminada para permitir múltiples usuarios por persona.
2026-10-02T00:07:21.178-03:00  INFO 47912 --- [zeroshop] [restartedMain] i.z.config.DatabaseMigrationRunner       : Restricción sale_orders.client_id actualizada para referenciar persons(id).
2026-10-02T00:07:21.178-03:00  INFO 47912 --- [zeroshop] [restartedMain] i.z.config.DatabaseMigrationRunner       : Tabla person_addresses actualizada para permitir inserción de join table.
2026-10-02T00:07:21.179-03:00  INFO 47912 --- [zeroshop] [restartedMain] i.z.config.DatabaseMigrationRunner       : Tabla person_contacts actualizada para permitir inserción de join table.
2026-10-02T00:07:21.180-03:00  INFO 47912 --- [zeroshop] [restartedMain] i.z.config.DatabaseMigrationRunner       : Tabla supplier_addresses actualizada para permitir inserción de join table.
2026-10-02T00:07:21.180-03:00  INFO 47912 --- [zeroshop] [restartedMain] i.z.config.DatabaseMigrationRunner       : Tabla supplier_contacts actualizada para permitir inserción de join table.
2026-10-02T00:07:21.181-03:00  INFO 47912 --- [zeroshop] [restartedMain] i.z.config.DatabaseMigrationRunner       : Tabla pending_registrations verificada o creada con éxito.
2026-10-02T00:07:21.182-03:00  INFO 47912 --- [zeroshop] [restartedMain] .ConditionEvaluationDeltaLoggingListener : Condition evaluation unchanged
2026-10-02T00:07:38.214-03:00  INFO 47912 --- [zeroshop] [File Watcher] rtingClassPathChangeChangedEventListener : Restarting due to 1 class path change (1 addition, 0 deletions, 0 modifications)
2026-10-02T00:07:38.215-03:00  INFO 47912 --- [zeroshop] [Thread-127] o.s.boot.tomcat.GracefulShutdown         : Commencing graceful shutdown. Waiting for active requests to complete
2026-10-02T00:07:38.218-03:00  INFO 47912 --- [zeroshop] [tomcat-shutdown] o.s.boot.tomcat.GracefulShutdown         : Graceful shutdown complete
2026-10-02T00:07:38.219-03:00  INFO 47912 --- [zeroshop] [Thread-127] j.LocalContainerEntityManagerFactoryBean : Closing JPA EntityManagerFactory for persistence unit 'default'
2026-10-02T00:07:38.220-03:00  INFO 47912 --- [zeroshop] [Thread-127] com.zaxxer.hikari.HikariDataSource       : HikariPool-32 - Shutdown initiated...
2026-10-02T00:07:38.221-03:00  INFO 47912 --- [zeroshop] [Thread-127] com.zaxxer.hikari.HikariDataSource       : HikariPool-32 - Shutdown completed.
2026-10-02T00:07:38.297-03:00  INFO 47912 --- [zeroshop] [restartedMain] ingsoftware.zeroshop.ZeroShopApp         : Starting ZeroShopApp using Java 21.0.12.1 with PID 47912 (C:\Users\Lucho\Desktop\zero-shop\target\classes started by Lucho in C:\Users\Lucho\Desktop\zero-shop)
2026-10-02T00:07:38.297-03:00  INFO 47912 --- [zeroshop] [restartedMain] ingsoftware.zeroshop.ZeroShopApp         : No active profile set, falling back to 1 default profile: "default"
2026-10-02T00:07:38.381-03:00  INFO 47912 --- [zeroshop] [restartedMain] .s.d.r.c.RepositoryConfigurationDelegate : Bootstrapping Spring Data JPA repositories in DEFAULT mode.
2026-10-02T00:07:38.416-03:00  INFO 47912 --- [zeroshop] [restartedMain] .s.d.r.c.RepositoryConfigurationDelegate : Finished Spring Data repository scanning in 35 ms. Found 29 JPA repository interfaces.
2026-10-02T00:07:38.451-03:00  INFO 47912 --- [zeroshop] [restartedMain] o.s.boot.tomcat.TomcatWebServer          : Tomcat initialized with port 8080 (http)
2026-10-02T00:07:38.451-03:00  INFO 47912 --- [zeroshop] [restartedMain] o.apache.catalina.core.StandardService   : Starting service [Tomcat]
2026-10-02T00:07:38.451-03:00  INFO 47912 --- [zeroshop] [restartedMain] o.apache.catalina.core.StandardEngine    : Starting Servlet engine: [Apache Tomcat/11.0.24]
2026-10-02T00:07:38.468-03:00  INFO 47912 --- [zeroshop] [restartedMain] b.w.c.s.WebApplicationContextInitializer : Root WebApplicationContext: initialization completed in 170 ms
2026-10-02T00:07:38.492-03:00  INFO 47912 --- [zeroshop] [restartedMain] org.hibernate.orm.jpa                    : HHH008540: Processing PersistenceUnitInfo [name: default]
2026-10-02T00:07:38.506-03:00  INFO 47912 --- [zeroshop] [restartedMain] o.s.o.j.p.SpringPersistenceUnitInfo      : No LoadTimeWeaver setup: ignoring JPA class transformer
2026-10-02T00:07:38.507-03:00  INFO 47912 --- [zeroshop] [restartedMain] com.zaxxer.hikari.HikariDataSource       : HikariPool-33 - Starting...
2026-10-02T00:07:38.634-03:00  INFO 47912 --- [zeroshop] [restartedMain] com.zaxxer.hikari.pool.HikariPool        : HikariPool-33 - Added connection org.postgresql.jdbc.PgConnection@4f329659
2026-10-02T00:07:38.634-03:00  INFO 47912 --- [zeroshop] [restartedMain] com.zaxxer.hikari.HikariDataSource       : HikariPool-33 - Start completed.
2026-10-02T00:07:38.639-03:00  WARN 47912 --- [zeroshop] [restartedMain] org.hibernate.orm.deprecation            : HHH90000025: PostgreSQLDialect does not need to be specified explicitly using 'hibernate.dialect' (remove the property setting and it will be selected by default)
2026-10-02T00:07:38.643-03:00  INFO 47912 --- [zeroshop] [restartedMain] org.hibernate.orm.connections.pooling    : HHH10001005: Database info:
	Database JDBC URL [jdbc:postgresql://localhost:5432/zero-shop?currentSchema=public]
	Database driver: PostgreSQL JDBC Driver
	Database dialect: PostgreSQLDialect
	Database version: 18.6
	Default catalog/schema: zero-shop/public
	Autocommit mode: undefined/unknown
	Isolation level: READ_COMMITTED [default READ_COMMITTED]
	JDBC fetch size: none
	Pool: DataSourceConnectionProvider
	Minimum pool size: undefined/unknown
	Maximum pool size: undefined/unknown
2026-10-02T00:07:38.760-03:00  INFO 47912 --- [zeroshop] [restartedMain] org.hibernate.orm.core                   : HHH000489: No JTA platform available (set 'hibernate.transaction.jta.platform' to enable JTA platform integration)
2026-10-02T00:07:38.795-03:00  INFO 47912 --- [zeroshop] [restartedMain] j.LocalContainerEntityManagerFactoryBean : Initialized JPA EntityManagerFactory for persistence unit 'default'
2026-10-02T00:07:38.940-03:00  INFO 47912 --- [zeroshop] [restartedMain] ingsoftware.zeroshop.config.MailConfig   : JavaMailSender configurado exitosamente para la cuenta SMTP: juancruz.ambrosini2@gmail.com
2026-10-02T00:07:38.965-03:00  INFO 47912 --- [zeroshop] [restartedMain] i.z.s.transaction.MercadoPagoService     : Mercado Pago SDK inicializado correctamente.
2026-10-02T00:07:38.982-03:00  INFO 47912 --- [zeroshop] [restartedMain] i.z.service.storage.FileStorageService   : Directorio de almacenamiento de archivos inicializado en: C:\Users\Lucho\Desktop\zero-shop\uploads\products
2026-10-02T00:07:39.009-03:00  INFO 47912 --- [zeroshop] [restartedMain] r$InitializeUserDetailsManagerConfigurer : Global AuthenticationManager configured with UserDetailsService bean with name customUserDetailsService
2026-10-02T00:07:39.059-03:00  INFO 47912 --- [zeroshop] [restartedMain] o.s.b.d.a.OptionalLiveReloadServer       : LiveReload server is running on port 35729
2026-10-02T00:07:39.064-03:00  INFO 47912 --- [zeroshop] [restartedMain] o.s.boot.tomcat.TomcatWebServer          : Tomcat started on port 8080 (http) with context path '/'
2026-10-02T00:07:39.065-03:00  INFO 47912 --- [zeroshop] [restartedMain] ingsoftware.zeroshop.ZeroShopApp         : Started ZeroShopApp in 0.779 seconds (process running for 4182.009)
2026-10-02T00:07:39.067-03:00  INFO 47912 --- [zeroshop] [restartedMain] i.z.config.DatabaseMigrationRunner       : Restricción orders_status_check verificada y eliminada para permitir nuevos estados de pedido.
2026-10-02T00:07:39.069-03:00  INFO 47912 --- [zeroshop] [restartedMain] i.z.config.DatabaseMigrationRunner       : Columna orders.payment_method verificada y sincronizada.
2026-10-02T00:07:39.070-03:00  INFO 47912 --- [zeroshop] [restartedMain] i.z.config.DatabaseMigrationRunner       : Columna sale_orders.office_id verificada para permitir null en estado ON_CART.
2026-10-02T00:07:39.071-03:00  INFO 47912 --- [zeroshop] [restartedMain] i.z.config.DatabaseMigrationRunner       : Restricción única de users.person_id eliminada para permitir múltiples usuarios por persona.
2026-10-02T00:07:39.075-03:00  INFO 47912 --- [zeroshop] [restartedMain] i.z.config.DatabaseMigrationRunner       : Restricción sale_orders.client_id actualizada para referenciar persons(id).
2026-10-02T00:07:39.075-03:00  INFO 47912 --- [zeroshop] [restartedMain] i.z.config.DatabaseMigrationRunner       : Tabla person_addresses actualizada para permitir inserción de join table.
2026-10-02T00:07:39.076-03:00  INFO 47912 --- [zeroshop] [restartedMain] i.z.config.DatabaseMigrationRunner       : Tabla person_contacts actualizada para permitir inserción de join table.
2026-10-02T00:07:39.076-03:00  INFO 47912 --- [zeroshop] [restartedMain] i.z.config.DatabaseMigrationRunner       : Tabla supplier_addresses actualizada para permitir inserción de join table.
2026-10-02T00:07:39.077-03:00  INFO 47912 --- [zeroshop] [restartedMain] i.z.config.DatabaseMigrationRunner       : Tabla supplier_contacts actualizada para permitir inserción de join table.
2026-10-02T00:07:39.078-03:00  INFO 47912 --- [zeroshop] [restartedMain] i.z.config.DatabaseMigrationRunner       : Tabla pending_registrations verificada o creada con éxito.
2026-10-02T00:07:39.096-03:00  INFO 47912 --- [zeroshop] [restartedMain] i.zeroshop.config.DataInitializer        : La base de datos ya contiene datos registrados. Omitiendo repoblación automática.
2026-10-02T00:07:39.108-03:00  INFO 47912 --- [zeroshop] [restartedMain] i.zeroshop.config.DataInitializer        : Imágenes y nombres del catálogo inicial sincronizados con éxito.
2026-10-02T00:07:39.109-03:00  INFO 47912 --- [zeroshop] [restartedMain] .ConditionEvaluationDeltaLoggingListener : Condition evaluation unchanged
2026-10-02T00:07:55.137-03:00  INFO 47912 --- [zeroshop] [File Watcher] rtingClassPathChangeChangedEventListener : Restarting due to 1 class path change (1 addition, 0 deletions, 0 modifications)
2026-10-02T00:07:55.138-03:00  INFO 47912 --- [zeroshop] [Thread-131] o.s.boot.tomcat.GracefulShutdown         : Commencing graceful shutdown. Waiting for active requests to complete
2026-10-02T00:07:55.141-03:00  INFO 47912 --- [zeroshop] [tomcat-shutdown] o.s.boot.tomcat.GracefulShutdown         : Graceful shutdown complete
2026-10-02T00:07:55.143-03:00  INFO 47912 --- [zeroshop] [Thread-131] j.LocalContainerEntityManagerFactoryBean : Closing JPA EntityManagerFactory for persistence unit 'default'
2026-10-02T00:07:55.143-03:00  INFO 47912 --- [zeroshop] [Thread-131] com.zaxxer.hikari.HikariDataSource       : HikariPool-33 - Shutdown initiated...
2026-10-02T00:07:55.144-03:00  INFO 47912 --- [zeroshop] [Thread-131] com.zaxxer.hikari.HikariDataSource       : HikariPool-33 - Shutdown completed.
2026-10-02T00:07:55.224-03:00  INFO 47912 --- [zeroshop] [restartedMain] ingsoftware.zeroshop.ZeroShopApp         : Starting ZeroShopApp using Java 21.0.12.1 with PID 47912 (C:\Users\Lucho\Desktop\zero-shop\target\classes started by Lucho in C:\Users\Lucho\Desktop\zero-shop)
2026-10-02T00:07:55.225-03:00  INFO 47912 --- [zeroshop] [restartedMain] ingsoftware.zeroshop.ZeroShopApp         : No active profile set, falling back to 1 default profile: "default"
2026-10-02T00:07:55.298-03:00  INFO 47912 --- [zeroshop] [restartedMain] .s.d.r.c.RepositoryConfigurationDelegate : Bootstrapping Spring Data JPA repositories in DEFAULT mode.
2026-10-02T00:07:55.335-03:00  INFO 47912 --- [zeroshop] [restartedMain] .s.d.r.c.RepositoryConfigurationDelegate : Finished Spring Data repository scanning in 35 ms. Found 29 JPA repository interfaces.
2026-10-02T00:07:55.376-03:00  INFO 47912 --- [zeroshop] [restartedMain] o.s.boot.tomcat.TomcatWebServer          : Tomcat initialized with port 8080 (http)
2026-10-02T00:07:55.376-03:00  INFO 47912 --- [zeroshop] [restartedMain] o.apache.catalina.core.StandardService   : Starting service [Tomcat]
2026-10-02T00:07:55.377-03:00  INFO 47912 --- [zeroshop] [restartedMain] o.apache.catalina.core.StandardEngine    : Starting Servlet engine: [Apache Tomcat/11.0.24]
2026-10-02T00:07:55.394-03:00  INFO 47912 --- [zeroshop] [restartedMain] b.w.c.s.WebApplicationContextInitializer : Root WebApplicationContext: initialization completed in 169 ms
2026-10-02T00:07:55.414-03:00  INFO 47912 --- [zeroshop] [restartedMain] org.hibernate.orm.jpa                    : HHH008540: Processing PersistenceUnitInfo [name: default]
2026-10-02T00:07:55.426-03:00  INFO 47912 --- [zeroshop] [restartedMain] o.s.o.j.p.SpringPersistenceUnitInfo      : No LoadTimeWeaver setup: ignoring JPA class transformer
2026-10-02T00:07:55.426-03:00  INFO 47912 --- [zeroshop] [restartedMain] com.zaxxer.hikari.HikariDataSource       : HikariPool-34 - Starting...
2026-10-02T00:07:55.449-03:00  INFO 47912 --- [zeroshop] [restartedMain] com.zaxxer.hikari.pool.HikariPool        : HikariPool-34 - Added connection org.postgresql.jdbc.PgConnection@5cd331cc
2026-10-02T00:07:55.449-03:00  INFO 47912 --- [zeroshop] [restartedMain] com.zaxxer.hikari.HikariDataSource       : HikariPool-34 - Start completed.
2026-10-02T00:07:55.454-03:00  WARN 47912 --- [zeroshop] [restartedMain] org.hibernate.orm.deprecation            : HHH90000025: PostgreSQLDialect does not need to be specified explicitly using 'hibernate.dialect' (remove the property setting and it will be selected by default)
2026-10-02T00:07:55.458-03:00  INFO 47912 --- [zeroshop] [restartedMain] org.hibernate.orm.connections.pooling    : HHH10001005: Database info:
	Database JDBC URL [jdbc:postgresql://localhost:5432/zero-shop?currentSchema=public]
	Database driver: PostgreSQL JDBC Driver
	Database dialect: PostgreSQLDialect
	Database version: 18.6
	Default catalog/schema: zero-shop/public
	Autocommit mode: undefined/unknown
	Isolation level: READ_COMMITTED [default READ_COMMITTED]
	JDBC fetch size: none
	Pool: DataSourceConnectionProvider
	Minimum pool size: undefined/unknown
	Maximum pool size: undefined/unknown
2026-10-02T00:07:55.566-03:00  INFO 47912 --- [zeroshop] [restartedMain] org.hibernate.orm.core                   : HHH000489: No JTA platform available (set 'hibernate.transaction.jta.platform' to enable JTA platform integration)
2026-10-02T00:07:55.602-03:00  INFO 47912 --- [zeroshop] [restartedMain] j.LocalContainerEntityManagerFactoryBean : Initialized JPA EntityManagerFactory for persistence unit 'default'
2026-10-02T00:07:55.745-03:00  INFO 47912 --- [zeroshop] [restartedMain] ingsoftware.zeroshop.config.MailConfig   : JavaMailSender configurado exitosamente para la cuenta SMTP: juancruz.ambrosini2@gmail.com
2026-10-02T00:07:55.767-03:00  INFO 47912 --- [zeroshop] [restartedMain] i.z.s.transaction.MercadoPagoService     : Mercado Pago SDK inicializado correctamente.
2026-10-02T00:07:55.789-03:00  INFO 47912 --- [zeroshop] [restartedMain] i.z.service.storage.FileStorageService   : Directorio de almacenamiento de archivos inicializado en: C:\Users\Lucho\Desktop\zero-shop\uploads\products
2026-10-02T00:07:55.818-03:00  INFO 47912 --- [zeroshop] [restartedMain] r$InitializeUserDetailsManagerConfigurer : Global AuthenticationManager configured with UserDetailsService bean with name customUserDetailsService
2026-10-02T00:07:55.875-03:00  INFO 47912 --- [zeroshop] [restartedMain] o.s.b.d.a.OptionalLiveReloadServer       : LiveReload server is running on port 35729
2026-10-02T00:07:55.880-03:00  INFO 47912 --- [zeroshop] [restartedMain] o.s.boot.tomcat.TomcatWebServer          : Tomcat started on port 8080 (http) with context path '/'
2026-10-02T00:07:55.882-03:00  INFO 47912 --- [zeroshop] [restartedMain] ingsoftware.zeroshop.ZeroShopApp         : Started ZeroShopApp in 0.669 seconds (process running for 4198.826)
2026-10-02T00:07:55.884-03:00  INFO 47912 --- [zeroshop] [restartedMain] i.z.config.DatabaseMigrationRunner       : Restricción orders_status_check verificada y eliminada para permitir nuevos estados de pedido.
2026-10-02T00:07:55.887-03:00  INFO 47912 --- [zeroshop] [restartedMain] i.z.config.DatabaseMigrationRunner       : Columna orders.payment_method verificada y sincronizada.
2026-10-02T00:07:55.887-03:00  INFO 47912 --- [zeroshop] [restartedMain] i.z.config.DatabaseMigrationRunner       : Columna sale_orders.office_id verificada para permitir null en estado ON_CART.
2026-10-02T00:07:55.889-03:00  INFO 47912 --- [zeroshop] [restartedMain] i.z.config.DatabaseMigrationRunner       : Restricción única de users.person_id eliminada para permitir múltiples usuarios por persona.
2026-10-02T00:07:55.892-03:00  INFO 47912 --- [zeroshop] [restartedMain] i.z.config.DatabaseMigrationRunner       : Restricción sale_orders.client_id actualizada para referenciar persons(id).
2026-10-02T00:07:55.893-03:00  INFO 47912 --- [zeroshop] [restartedMain] i.z.config.DatabaseMigrationRunner       : Tabla person_addresses actualizada para permitir inserción de join table.
2026-10-02T00:07:55.894-03:00  INFO 47912 --- [zeroshop] [restartedMain] i.z.config.DatabaseMigrationRunner       : Tabla person_contacts actualizada para permitir inserción de join table.
2026-10-02T00:07:55.894-03:00  INFO 47912 --- [zeroshop] [restartedMain] i.z.config.DatabaseMigrationRunner       : Tabla supplier_addresses actualizada para permitir inserción de join table.
2026-10-02T00:07:55.895-03:00  INFO 47912 --- [zeroshop] [restartedMain] i.z.config.DatabaseMigrationRunner       : Tabla supplier_contacts actualizada para permitir inserción de join table.
2026-10-02T00:07:55.895-03:00  INFO 47912 --- [zeroshop] [restartedMain] i.z.config.DatabaseMigrationRunner       : Tabla pending_registrations verificada o creada con éxito.
2026-10-02T00:07:55.914-03:00  INFO 47912 --- [zeroshop] [restartedMain] i.zeroshop.config.DataInitializer        : La base de datos ya contiene datos registrados. Omitiendo repoblación automática.
2026-10-02T00:07:55.926-03:00  INFO 47912 --- [zeroshop] [restartedMain] i.zeroshop.config.DataInitializer        : Imágenes y nombres del catálogo inicial sincronizados con éxito.
2026-10-02T00:07:55.927-03:00  INFO 47912 --- [zeroshop] [restartedMain] .ConditionEvaluationDeltaLoggingListener : Condition evaluation unchanged
2026-10-02T00:08:09.857-03:00  INFO 47912 --- [zeroshop] [File Watcher] rtingClassPathChangeChangedEventListener : Restarting due to 1 class path change (1 addition, 0 deletions, 0 modifications)
2026-10-02T00:08:09.858-03:00  INFO 47912 --- [zeroshop] [Thread-135] o.s.boot.tomcat.GracefulShutdown         : Commencing graceful shutdown. Waiting for active requests to complete
2026-10-02T00:08:09.861-03:00  INFO 47912 --- [zeroshop] [tomcat-shutdown] o.s.boot.tomcat.GracefulShutdown         : Graceful shutdown complete
2026-10-02T00:08:09.862-03:00  INFO 47912 --- [zeroshop] [Thread-135] j.LocalContainerEntityManagerFactoryBean : Closing JPA EntityManagerFactory for persistence unit 'default'
2026-10-02T00:08:09.862-03:00  INFO 47912 --- [zeroshop] [Thread-135] com.zaxxer.hikari.HikariDataSource       : HikariPool-34 - Shutdown initiated...
2026-10-02T00:08:09.863-03:00  INFO 47912 --- [zeroshop] [Thread-135] com.zaxxer.hikari.HikariDataSource       : HikariPool-34 - Shutdown completed.
2026-10-02T00:08:09.944-03:00  INFO 47912 --- [zeroshop] [restartedMain] ingsoftware.zeroshop.ZeroShopApp         : Starting ZeroShopApp using Java 21.0.12.1 with PID 47912 (C:\Users\Lucho\Desktop\zero-shop\target\classes started by Lucho in C:\Users\Lucho\Desktop\zero-shop)
2026-10-02T00:08:09.944-03:00  INFO 47912 --- [zeroshop] [restartedMain] ingsoftware.zeroshop.ZeroShopApp         : No active profile set, falling back to 1 default profile: "default"
2026-10-02T00:08:10.015-03:00  INFO 47912 --- [zeroshop] [restartedMain] .s.d.r.c.RepositoryConfigurationDelegate : Bootstrapping Spring Data JPA repositories in DEFAULT mode.
2026-10-02T00:08:10.044-03:00  INFO 47912 --- [zeroshop] [restartedMain] .s.d.r.c.RepositoryConfigurationDelegate : Finished Spring Data repository scanning in 27 ms. Found 29 JPA repository interfaces.
2026-10-02T00:08:10.076-03:00  INFO 47912 --- [zeroshop] [restartedMain] o.s.boot.tomcat.TomcatWebServer          : Tomcat initialized with port 8080 (http)
2026-10-02T00:08:10.076-03:00  INFO 47912 --- [zeroshop] [restartedMain] o.apache.catalina.core.StandardService   : Starting service [Tomcat]
2026-10-02T00:08:10.076-03:00  INFO 47912 --- [zeroshop] [restartedMain] o.apache.catalina.core.StandardEngine    : Starting Servlet engine: [Apache Tomcat/11.0.24]
2026-10-02T00:08:10.092-03:00  INFO 47912 --- [zeroshop] [restartedMain] b.w.c.s.WebApplicationContextInitializer : Root WebApplicationContext: initialization completed in 147 ms
2026-10-02T00:08:10.110-03:00  INFO 47912 --- [zeroshop] [restartedMain] org.hibernate.orm.jpa                    : HHH008540: Processing PersistenceUnitInfo [name: default]
2026-10-02T00:08:10.124-03:00  INFO 47912 --- [zeroshop] [restartedMain] o.s.o.j.p.SpringPersistenceUnitInfo      : No LoadTimeWeaver setup: ignoring JPA class transformer
2026-10-02T00:08:10.125-03:00  INFO 47912 --- [zeroshop] [restartedMain] com.zaxxer.hikari.HikariDataSource       : HikariPool-35 - Starting...
2026-10-02T00:08:10.146-03:00  INFO 47912 --- [zeroshop] [restartedMain] com.zaxxer.hikari.pool.HikariPool        : HikariPool-35 - Added connection org.postgresql.jdbc.PgConnection@5f4a8c76
2026-10-02T00:08:10.146-03:00  INFO 47912 --- [zeroshop] [restartedMain] com.zaxxer.hikari.HikariDataSource       : HikariPool-35 - Start completed.
2026-10-02T00:08:10.150-03:00  WARN 47912 --- [zeroshop] [restartedMain] org.hibernate.orm.deprecation            : HHH90000025: PostgreSQLDialect does not need to be specified explicitly using 'hibernate.dialect' (remove the property setting and it will be selected by default)
2026-10-02T00:08:10.154-03:00  INFO 47912 --- [zeroshop] [restartedMain] org.hibernate.orm.connections.pooling    : HHH10001005: Database info:
	Database JDBC URL [jdbc:postgresql://localhost:5432/zero-shop?currentSchema=public]
	Database driver: PostgreSQL JDBC Driver
	Database dialect: PostgreSQLDialect
	Database version: 18.6
	Default catalog/schema: zero-shop/public
	Autocommit mode: undefined/unknown
	Isolation level: READ_COMMITTED [default READ_COMMITTED]
	JDBC fetch size: none
	Pool: DataSourceConnectionProvider
	Minimum pool size: undefined/unknown
	Maximum pool size: undefined/unknown
2026-10-02T00:08:10.257-03:00  INFO 47912 --- [zeroshop] [restartedMain] org.hibernate.orm.core                   : HHH000489: No JTA platform available (set 'hibernate.transaction.jta.platform' to enable JTA platform integration)
2026-10-02T00:08:10.284-03:00  INFO 47912 --- [zeroshop] [restartedMain] j.LocalContainerEntityManagerFactoryBean : Initialized JPA EntityManagerFactory for persistence unit 'default'
2026-10-02T00:08:10.415-03:00  INFO 47912 --- [zeroshop] [restartedMain] ingsoftware.zeroshop.config.MailConfig   : JavaMailSender configurado exitosamente para la cuenta SMTP: juancruz.ambrosini2@gmail.com
2026-10-02T00:08:10.430-03:00  INFO 47912 --- [zeroshop] [restartedMain] i.z.s.transaction.MercadoPagoService     : Mercado Pago SDK inicializado correctamente.
2026-10-02T00:08:10.448-03:00  INFO 47912 --- [zeroshop] [restartedMain] i.z.service.storage.FileStorageService   : Directorio de almacenamiento de archivos inicializado en: C:\Users\Lucho\Desktop\zero-shop\uploads\products
2026-10-02T00:08:10.475-03:00  INFO 47912 --- [zeroshop] [restartedMain] r$InitializeUserDetailsManagerConfigurer : Global AuthenticationManager configured with UserDetailsService bean with name customUserDetailsService
2026-10-02T00:08:10.526-03:00  INFO 47912 --- [zeroshop] [restartedMain] o.s.b.d.a.OptionalLiveReloadServer       : LiveReload server is running on port 35729
2026-10-02T00:08:10.533-03:00  INFO 47912 --- [zeroshop] [restartedMain] o.s.boot.tomcat.TomcatWebServer          : Tomcat started on port 8080 (http) with context path '/'
2026-10-02T00:08:10.534-03:00  INFO 47912 --- [zeroshop] [restartedMain] ingsoftware.zeroshop.ZeroShopApp         : Started ZeroShopApp in 0.601 seconds (process running for 4213.478)
2026-10-02T00:08:10.554-03:00  INFO 47912 --- [zeroshop] [restartedMain] i.zeroshop.config.DataInitializer        : La base de datos ya contiene datos registrados. Omitiendo repoblación automática.
2026-10-02T00:08:10.567-03:00  INFO 47912 --- [zeroshop] [restartedMain] i.zeroshop.config.DataInitializer        : Imágenes y nombres del catálogo inicial sincronizados con éxito.
2026-10-02T00:08:10.568-03:00  INFO 47912 --- [zeroshop] [restartedMain] i.z.config.DatabaseMigrationRunner       : Restricción orders_status_check verificada y eliminada para permitir nuevos estados de pedido.
2026-10-02T00:08:10.571-03:00  INFO 47912 --- [zeroshop] [restartedMain] i.z.config.DatabaseMigrationRunner       : Columna orders.payment_method verificada y sincronizada.
2026-10-02T00:08:10.571-03:00  INFO 47912 --- [zeroshop] [restartedMain] i.z.config.DatabaseMigrationRunner       : Columna sale_orders.office_id verificada para permitir null en estado ON_CART.
2026-10-02T00:08:10.572-03:00  INFO 47912 --- [zeroshop] [restartedMain] i.z.config.DatabaseMigrationRunner       : Restricción única de users.person_id eliminada para permitir múltiples usuarios por persona.
2026-10-02T00:08:10.586-03:00  INFO 47912 --- [zeroshop] [restartedMain] i.z.config.DatabaseMigrationRunner       : Restricción sale_orders.client_id actualizada para referenciar persons(id).
2026-10-02T00:08:10.591-03:00  INFO 47912 --- [zeroshop] [restartedMain] i.z.config.DatabaseMigrationRunner       : Tabla person_addresses actualizada para permitir inserción de join table.
2026-10-02T00:08:10.592-03:00  INFO 47912 --- [zeroshop] [restartedMain] i.z.config.DatabaseMigrationRunner       : Tabla person_contacts actualizada para permitir inserción de join table.
2026-10-02T00:08:10.592-03:00  INFO 47912 --- [zeroshop] [restartedMain] i.z.config.DatabaseMigrationRunner       : Tabla supplier_addresses actualizada para permitir inserción de join table.
2026-10-02T00:08:10.593-03:00  INFO 47912 --- [zeroshop] [restartedMain] i.z.config.DatabaseMigrationRunner       : Tabla supplier_contacts actualizada para permitir inserción de join table.
2026-10-02T00:08:10.594-03:00  INFO 47912 --- [zeroshop] [restartedMain] i.z.config.DatabaseMigrationRunner       : Tabla pending_registrations verificada o creada con éxito.
2026-10-02T00:08:10.594-03:00  INFO 47912 --- [zeroshop] [restartedMain] .ConditionEvaluationDeltaLoggingListener : Condition evaluation unchanged
2026-10-02T00:09:04.133-03:00  INFO 47912 --- [zeroshop] [File Watcher] rtingClassPathChangeChangedEventListener : Restarting due to 27 class path changes (21 additions, 1 deletion, 5 modifications)
2026-10-02T00:09:04.134-03:00  INFO 47912 --- [zeroshop] [Thread-139] o.s.boot.tomcat.GracefulShutdown         : Commencing graceful shutdown. Waiting for active requests to complete
2026-10-02T00:09:04.139-03:00  INFO 47912 --- [zeroshop] [tomcat-shutdown] o.s.boot.tomcat.GracefulShutdown         : Graceful shutdown complete
2026-10-02T00:09:04.141-03:00  INFO 47912 --- [zeroshop] [Thread-139] j.LocalContainerEntityManagerFactoryBean : Closing JPA EntityManagerFactory for persistence unit 'default'
2026-10-02T00:09:04.141-03:00  INFO 47912 --- [zeroshop] [Thread-139] com.zaxxer.hikari.HikariDataSource       : HikariPool-35 - Shutdown initiated...
2026-10-02T00:09:04.142-03:00  INFO 47912 --- [zeroshop] [Thread-139] com.zaxxer.hikari.HikariDataSource       : HikariPool-35 - Shutdown completed.
2026-10-02T00:09:04.244-03:00  INFO 47912 --- [zeroshop] [restartedMain] ingsoftware.zeroshop.ZeroShopApp         : Starting ZeroShopApp using Java 21.0.12.1 with PID 47912 (C:\Users\Lucho\Desktop\zero-shop\target\classes started by Lucho in C:\Users\Lucho\Desktop\zero-shop)
2026-10-02T00:09:04.244-03:00  INFO 47912 --- [zeroshop] [restartedMain] ingsoftware.zeroshop.ZeroShopApp         : No active profile set, falling back to 1 default profile: "default"
2026-10-02T00:09:04.351-03:00  INFO 47912 --- [zeroshop] [restartedMain] .s.d.r.c.RepositoryConfigurationDelegate : Bootstrapping Spring Data JPA repositories in DEFAULT mode.
2026-10-02T00:09:04.390-03:00  INFO 47912 --- [zeroshop] [restartedMain] .s.d.r.c.RepositoryConfigurationDelegate : Finished Spring Data repository scanning in 39 ms. Found 29 JPA repository interfaces.
2026-10-02T00:09:04.439-03:00  INFO 47912 --- [zeroshop] [restartedMain] o.s.boot.tomcat.TomcatWebServer          : Tomcat initialized with port 8080 (http)
2026-10-02T00:09:04.441-03:00  INFO 47912 --- [zeroshop] [restartedMain] o.apache.catalina.core.StandardService   : Starting service [Tomcat]
2026-10-02T00:09:04.441-03:00  INFO 47912 --- [zeroshop] [restartedMain] o.apache.catalina.core.StandardEngine    : Starting Servlet engine: [Apache Tomcat/11.0.24]
2026-10-02T00:09:04.462-03:00  INFO 47912 --- [zeroshop] [restartedMain] b.w.c.s.WebApplicationContextInitializer : Root WebApplicationContext: initialization completed in 216 ms
2026-10-02T00:09:04.490-03:00  INFO 47912 --- [zeroshop] [restartedMain] org.hibernate.orm.jpa                    : HHH008540: Processing PersistenceUnitInfo [name: default]
2026-10-02T00:09:04.505-03:00  INFO 47912 --- [zeroshop] [restartedMain] o.s.o.j.p.SpringPersistenceUnitInfo      : No LoadTimeWeaver setup: ignoring JPA class transformer
2026-10-02T00:09:04.507-03:00  INFO 47912 --- [zeroshop] [restartedMain] com.zaxxer.hikari.HikariDataSource       : HikariPool-36 - Starting...
2026-10-02T00:09:04.534-03:00  INFO 47912 --- [zeroshop] [restartedMain] com.zaxxer.hikari.pool.HikariPool        : HikariPool-36 - Added connection org.postgresql.jdbc.PgConnection@1b156133
2026-10-02T00:09:04.534-03:00  INFO 47912 --- [zeroshop] [restartedMain] com.zaxxer.hikari.HikariDataSource       : HikariPool-36 - Start completed.
2026-10-02T00:09:04.540-03:00  WARN 47912 --- [zeroshop] [restartedMain] org.hibernate.orm.deprecation            : HHH90000025: PostgreSQLDialect does not need to be specified explicitly using 'hibernate.dialect' (remove the property setting and it will be selected by default)
2026-10-02T00:09:04.544-03:00  INFO 47912 --- [zeroshop] [restartedMain] org.hibernate.orm.connections.pooling    : HHH10001005: Database info:
	Database JDBC URL [jdbc:postgresql://localhost:5432/zero-shop?currentSchema=public]
	Database driver: PostgreSQL JDBC Driver
	Database dialect: PostgreSQLDialect
	Database version: 18.6
	Default catalog/schema: zero-shop/public
	Autocommit mode: undefined/unknown
	Isolation level: READ_COMMITTED [default READ_COMMITTED]
	JDBC fetch size: none
	Pool: DataSourceConnectionProvider
	Minimum pool size: undefined/unknown
	Maximum pool size: undefined/unknown
2026-10-02T00:09:04.668-03:00  INFO 47912 --- [zeroshop] [restartedMain] org.hibernate.orm.core                   : HHH000489: No JTA platform available (set 'hibernate.transaction.jta.platform' to enable JTA platform integration)
2026-10-02T00:09:04.705-03:00  INFO 47912 --- [zeroshop] [restartedMain] j.LocalContainerEntityManagerFactoryBean : Initialized JPA EntityManagerFactory for persistence unit 'default'
2026-10-02T00:09:04.848-03:00  INFO 47912 --- [zeroshop] [restartedMain] ingsoftware.zeroshop.config.MailConfig   : JavaMailSender configurado exitosamente para la cuenta SMTP: juancruz.ambrosini2@gmail.com
2026-10-02T00:09:04.869-03:00  INFO 47912 --- [zeroshop] [restartedMain] i.z.s.transaction.MercadoPagoService     : Mercado Pago SDK inicializado correctamente.
2026-10-02T00:09:04.894-03:00  INFO 47912 --- [zeroshop] [restartedMain] i.z.service.storage.FileStorageService   : Directorio de almacenamiento de archivos inicializado en: C:\Users\Lucho\Desktop\zero-shop\uploads\products
2026-10-02T00:09:04.927-03:00  INFO 47912 --- [zeroshop] [restartedMain] r$InitializeUserDetailsManagerConfigurer : Global AuthenticationManager configured with UserDetailsService bean with name customUserDetailsService
2026-10-02T00:09:05.013-03:00  INFO 47912 --- [zeroshop] [restartedMain] o.s.b.d.a.OptionalLiveReloadServer       : LiveReload server is running on port 35729
2026-10-02T00:09:05.021-03:00  INFO 47912 --- [zeroshop] [restartedMain] o.s.boot.tomcat.TomcatWebServer          : Tomcat started on port 8080 (http) with context path '/'
2026-10-02T00:09:05.022-03:00  INFO 47912 --- [zeroshop] [restartedMain] ingsoftware.zeroshop.ZeroShopApp         : Started ZeroShopApp in 0.791 seconds (process running for 4267.967)
2026-10-02T00:09:05.024-03:00  INFO 47912 --- [zeroshop] [restartedMain] i.z.config.DatabaseMigrationRunner       : Restricción orders_status_check verificada y eliminada para permitir nuevos estados de pedido.
2026-10-02T00:09:05.029-03:00  INFO 47912 --- [zeroshop] [restartedMain] i.z.config.DatabaseMigrationRunner       : Columna orders.payment_method verificada y sincronizada.
2026-10-02T00:09:05.029-03:00  INFO 47912 --- [zeroshop] [restartedMain] i.z.config.DatabaseMigrationRunner       : Columna sale_orders.office_id verificada para permitir null en estado ON_CART.
2026-10-02T00:09:05.030-03:00  INFO 47912 --- [zeroshop] [restartedMain] i.z.config.DatabaseMigrationRunner       : Restricción única de users.person_id eliminada para permitir múltiples usuarios por persona.
2026-10-02T00:09:05.035-03:00  INFO 47912 --- [zeroshop] [restartedMain] i.z.config.DatabaseMigrationRunner       : Restricción sale_orders.client_id actualizada para referenciar persons(id).
2026-10-02T00:09:05.036-03:00  INFO 47912 --- [zeroshop] [restartedMain] i.z.config.DatabaseMigrationRunner       : Tabla person_addresses actualizada para permitir inserción de join table.
2026-10-02T00:09:05.038-03:00  INFO 47912 --- [zeroshop] [restartedMain] i.z.config.DatabaseMigrationRunner       : Tabla person_contacts actualizada para permitir inserción de join table.
2026-10-02T00:09:05.039-03:00  INFO 47912 --- [zeroshop] [restartedMain] i.z.config.DatabaseMigrationRunner       : Tabla supplier_addresses actualizada para permitir inserción de join table.
2026-10-02T00:09:05.039-03:00  INFO 47912 --- [zeroshop] [restartedMain] i.z.config.DatabaseMigrationRunner       : Tabla supplier_contacts actualizada para permitir inserción de join table.
2026-10-02T00:09:05.041-03:00  INFO 47912 --- [zeroshop] [restartedMain] i.z.config.DatabaseMigrationRunner       : Tabla pending_registrations verificada o creada con éxito.
2026-10-02T00:09:05.071-03:00  INFO 47912 --- [zeroshop] [restartedMain] i.zeroshop.config.DataInitializer        : La base de datos ya contiene datos registrados. Omitiendo repoblación automática.
2026-10-02T00:09:05.164-03:00  INFO 47912 --- [zeroshop] [restartedMain] i.zeroshop.config.DataInitializer        : Imágenes y nombres del catálogo inicial sincronizados con éxito desde products.json.
2026-10-02T00:09:05.164-03:00  INFO 47912 --- [zeroshop] [restartedMain] .ConditionEvaluationDeltaLoggingListener : Condition evaluation unchanged
2026-10-02T00:09:36.568-03:00  INFO 10748 --- [zeroshop] [main] .z.CheckoutAndPaymentFlowIntegrationTest : Starting CheckoutAndPaymentFlowIntegrationTest using Java 26.0.2.1 with PID 10748 (started by Lucho in C:\Users\Lucho\Desktop\zero-shop)
2026-10-02T00:09:36.569-03:00  INFO 10748 --- [zeroshop] [main] .z.CheckoutAndPaymentFlowIntegrationTest : No active profile set, falling back to 1 default profile: "default"
2026-10-02T00:09:37.080-03:00  INFO 10748 --- [zeroshop] [main] .s.d.r.c.RepositoryConfigurationDelegate : Bootstrapping Spring Data JPA repositories in DEFAULT mode.
2026-10-02T00:09:37.182-03:00  INFO 10748 --- [zeroshop] [main] .s.d.r.c.RepositoryConfigurationDelegate : Finished Spring Data repository scanning in 97 ms. Found 29 JPA repository interfaces.
2026-10-02T00:09:37.615-03:00  INFO 10748 --- [zeroshop] [main] org.hibernate.orm.jpa                    : HHH008540: Processing PersistenceUnitInfo [name: default]
2026-10-02T00:09:37.653-03:00  INFO 10748 --- [zeroshop] [main] org.hibernate.orm.core                   : HHH000001: Hibernate ORM core version 7.4.5.Final
2026-10-02T00:09:37.970-03:00  INFO 10748 --- [zeroshop] [main] o.s.o.j.p.SpringPersistenceUnitInfo      : No LoadTimeWeaver setup: ignoring JPA class transformer
2026-10-02T00:09:37.989-03:00  INFO 10748 --- [zeroshop] [main] com.zaxxer.hikari.HikariDataSource       : HikariPool-1 - Starting...
2026-10-02T00:09:38.096-03:00  INFO 10748 --- [zeroshop] [main] com.zaxxer.hikari.pool.HikariPool        : HikariPool-1 - Added connection org.postgresql.jdbc.PgConnection@1669f4e5
2026-10-02T00:09:38.097-03:00  INFO 10748 --- [zeroshop] [main] com.zaxxer.hikari.HikariDataSource       : HikariPool-1 - Start completed.
2026-10-02T00:09:38.118-03:00  WARN 10748 --- [zeroshop] [main] org.hibernate.orm.deprecation            : HHH90000025: PostgreSQLDialect does not need to be specified explicitly using 'hibernate.dialect' (remove the property setting and it will be selected by default)
2026-10-02T00:09:38.136-03:00  INFO 10748 --- [zeroshop] [main] org.hibernate.orm.connections.pooling    : HHH10001005: Database info:
	Database JDBC URL [jdbc:postgresql://localhost:5432/zero-shop?currentSchema=public]
	Database driver: PostgreSQL JDBC Driver
	Database dialect: PostgreSQLDialect
	Database version: 18.6
	Default catalog/schema: zero-shop/public
	Autocommit mode: undefined/unknown
	Isolation level: READ_COMMITTED [default READ_COMMITTED]
	JDBC fetch size: none
	Pool: DataSourceConnectionProvider
	Minimum pool size: undefined/unknown
	Maximum pool size: undefined/unknown
2026-10-02T00:09:39.100-03:00  INFO 10748 --- [zeroshop] [main] org.hibernate.orm.core                   : HHH000489: No JTA platform available (set 'hibernate.transaction.jta.platform' to enable JTA platform integration)
2026-10-02T00:09:39.170-03:00  INFO 10748 --- [zeroshop] [main] j.LocalContainerEntityManagerFactoryBean : Initialized JPA EntityManagerFactory for persistence unit 'default'
2026-10-02T00:09:39.243-03:00  INFO 10748 --- [zeroshop] [main] o.s.d.j.r.query.QueryEnhancerFactories   : Hibernate is in classpath; If applicable, HQL parser will be used.
2026-10-02T00:09:39.948-03:00  INFO 10748 --- [zeroshop] [main] ingsoftware.zeroshop.config.MailConfig   : JavaMailSender configurado exitosamente para la cuenta SMTP: juancruz.ambrosini2@gmail.com
2026-10-02T00:09:40.012-03:00  INFO 10748 --- [zeroshop] [main] i.z.s.transaction.MercadoPagoService     : Mercado Pago SDK inicializado correctamente.
2026-10-02T00:09:40.067-03:00  INFO 10748 --- [zeroshop] [main] i.z.service.storage.FileStorageService   : Directorio de almacenamiento de archivos inicializado en: C:\Users\Lucho\Desktop\zero-shop\uploads\products
2026-10-02T00:09:40.244-03:00  INFO 10748 --- [zeroshop] [main] r$InitializeUserDetailsManagerConfigurer : Global AuthenticationManager configured with UserDetailsService bean with name customUserDetailsService
2026-10-02T00:09:40.692-03:00  INFO 10748 --- [zeroshop] [main] .z.CheckoutAndPaymentFlowIntegrationTest : Started CheckoutAndPaymentFlowIntegrationTest in 4.294 seconds (process running for 4.945)
2026-10-02T00:09:40.820-03:00  INFO 10748 --- [zeroshop] [main] i.zeroshop.config.DataInitializer        : La base de datos ya contiene datos registrados. Omitiendo repoblación automática.
2026-10-02T00:09:40.894-03:00  INFO 10748 --- [zeroshop] [main] i.zeroshop.config.DataInitializer        : Imágenes y nombres del catálogo inicial sincronizados con éxito desde products.json.
2026-10-02T00:09:40.897-03:00  INFO 10748 --- [zeroshop] [main] i.z.config.DatabaseMigrationRunner       : Restricción orders_status_check verificada y eliminada para permitir nuevos estados de pedido.
2026-10-02T00:09:40.900-03:00  INFO 10748 --- [zeroshop] [main] i.z.config.DatabaseMigrationRunner       : Columna orders.payment_method verificada y sincronizada.
2026-10-02T00:09:40.900-03:00  INFO 10748 --- [zeroshop] [main] i.z.config.DatabaseMigrationRunner       : Columna sale_orders.office_id verificada para permitir null en estado ON_CART.
2026-10-02T00:09:40.902-03:00  INFO 10748 --- [zeroshop] [main] i.z.config.DatabaseMigrationRunner       : Restricción única de users.person_id eliminada para permitir múltiples usuarios por persona.
2026-10-02T00:09:40.905-03:00  INFO 10748 --- [zeroshop] [main] i.z.config.DatabaseMigrationRunner       : Restricción sale_orders.client_id actualizada para referenciar persons(id).
2026-10-02T00:09:40.906-03:00  INFO 10748 --- [zeroshop] [main] i.z.config.DatabaseMigrationRunner       : Tabla person_addresses actualizada para permitir inserción de join table.
2026-10-02T00:09:40.907-03:00  INFO 10748 --- [zeroshop] [main] i.z.config.DatabaseMigrationRunner       : Tabla person_contacts actualizada para permitir inserción de join table.
2026-10-02T00:09:40.908-03:00  INFO 10748 --- [zeroshop] [main] i.z.config.DatabaseMigrationRunner       : Tabla supplier_addresses actualizada para permitir inserción de join table.
2026-10-02T00:09:40.909-03:00  INFO 10748 --- [zeroshop] [main] i.z.config.DatabaseMigrationRunner       : Tabla supplier_contacts actualizada para permitir inserción de join table.
2026-10-02T00:09:40.912-03:00  INFO 10748 --- [zeroshop] [main] i.z.config.DatabaseMigrationRunner       : Tabla pending_registrations verificada o creada con éxito.
2026-10-02T00:09:41.235-03:00  INFO 10748 --- [zeroshop] [main] i.z.service.transaction.PaymentService   : Factura FC-0001-00000006 generada exitosamente para la orden ID: 474eb535-7a1f-4359-9e36-1911cae2e5b7
2026-10-02T00:09:41.287-03:00  INFO 10748 --- [zeroshop] [main] i.z.service.transaction.PaymentService   : Factura FC-0001-00000006 generada exitosamente para la orden ID: 474eb535-7a1f-4359-9e36-1911cae2e5b7
2026-10-02T00:09:41.378-03:00  INFO 10748 --- [zeroshop] [main] i.z.service.transaction.PaymentService   : Factura FC-0001-00000006 generada exitosamente para la orden ID: 474eb535-7a1f-4359-9e36-1911cae2e5b7
2026-10-02T00:09:42.380-03:00  INFO 10748 --- [zeroshop] [main] i.z.s.transaction.MercadoPagoService     : Redirigiendo a checkout de Mercado Pago: https://www.mercadopago.com.ar/checkout/v1/redirect?pref_id=3683034692-15ab55df-1376-4eef-8420-2d4b4b85eba4
2026-10-02T00:09:42.389-03:00  INFO 10748 --- [zeroshop] [main] i.z.service.transaction.PaymentService   : Factura FC-0001-00000006 generada exitosamente para la orden ID: 474eb535-7a1f-4359-9e36-1911cae2e5b7
2026-10-02T00:09:42.392-03:00  INFO 10748 --- [zeroshop] [main] i.z.s.transaction.SaleOrderService       : Enviando correo de confirmación de orden #474eb535-7a1f-4359-9e36-1911cae2e5b7 a client@gmail.com
2026-10-02T00:09:42.399-03:00  WARN 10748 --- [zeroshop] [main] org.hibernate.orm.persistenceContext     : Narrowing proxy to class ingsoftware.zeroshop.entity.actor.Employee - this operation breaks ==
2026-10-02T00:09:42.400-03:00  WARN 10748 --- [zeroshop] [main] org.hibernate.orm.persistenceContext     : Narrowing proxy to class ingsoftware.zeroshop.entity.actor.Employee - this operation breaks ==
2026-10-02T00:09:42.425-03:00  INFO 10748 --- [zeroshop] [main] i.z.service.transaction.PaymentService   : Factura FC-0001-00000006 generada exitosamente para la orden ID: 474eb535-7a1f-4359-9e36-1911cae2e5b7
2026-10-02T00:09:43.888-03:00 ERROR 10748 --- [zeroshop] [task-1] i.z.service.notification.EmailService    : Fallo de transporte SMTP al enviar correo HTML a client@gmail.com: Failed messages: org.eclipse.angus.mail.smtp.SMTPSendFailedException: 550-5.4.5 Daily user sending limit exceeded. For more information on Gmail
550-5.4.5 sending limits go to
550 5.4.5  https://support.google.com/a/answer/166852 5a478bee46e88-34f14f9f2afsm4857751eec.18 - gsmtp


org.springframework.mail.MailSendException: Failed messages: org.eclipse.angus.mail.smtp.SMTPSendFailedException: 550-5.4.5 Daily user sending limit exceeded. For more information on Gmail
550-5.4.5 sending limits go to
550 5.4.5  https://support.google.com/a/answer/166852 5a478bee46e88-34f14f9f2afsm4857751eec.18 - gsmtp
; message exceptions (1) are:
Failed message 1: org.eclipse.angus.mail.smtp.SMTPSendFailedException: 550-5.4.5 Daily user sending limit exceeded. For more information on Gmail
550-5.4.5 sending limits go to
550 5.4.5  https://support.google.com/a/answer/166852 5a478bee46e88-34f14f9f2afsm4857751eec.18 - gsmtp

	at org.springframework.mail.javamail.JavaMailSenderImpl.doSend(JavaMailSenderImpl.java:440) ~[spring-context-support-7.0.9.jar:7.0.9]
	at org.springframework.mail.javamail.JavaMailSenderImpl.send(JavaMailSenderImpl.java:337) ~[spring-context-support-7.0.9.jar:7.0.9]
	at org.springframework.mail.javamail.JavaMailSender.send(JavaMailSender.java:101) ~[spring-context-support-7.0.9.jar:7.0.9]
	at ingsoftware.zeroshop.service.notification.EmailService.sendHtmlEmail(EmailService.java:89) ~[classes/:na]
	at ingsoftware.zeroshop.service.notification.EmailService.sendOrderReceiptEmail(EmailService.java:216) ~[classes/:na]
	at java.base/jdk.internal.reflect.DirectMethodHandleAccessor.invoke(DirectMethodHandleAccessor.java:104) ~[na:na]
	at java.base/java.lang.reflect.Method.invoke(Method.java:565) ~[na:na]
	at org.springframework.aop.support.AopUtils.invokeJoinpointUsingReflection(AopUtils.java:359) ~[spring-aop-7.0.9.jar:7.0.9]
	at org.springframework.aop.framework.ReflectiveMethodInvocation.invokeJoinpoint(ReflectiveMethodInvocation.java:190) ~[spring-aop-7.0.9.jar:7.0.9]
	at org.springframework.aop.framework.ReflectiveMethodInvocation.proceed(ReflectiveMethodInvocation.java:158) ~[spring-aop-7.0.9.jar:7.0.9]
	at org.springframework.aop.interceptor.AsyncExecutionInterceptor.lambda$invoke$0(AsyncExecutionInterceptor.java:112) ~[spring-aop-7.0.9.jar:7.0.9]
	at java.base/java.util.concurrent.FutureTask.run(FutureTask.java:330) ~[na:na]
	at java.base/java.util.concurrent.ThreadPoolExecutor.runWorker(ThreadPoolExecutor.java:1090) ~[na:na]
	at java.base/java.util.concurrent.ThreadPoolExecutor$Worker.run(ThreadPoolExecutor.java:614) ~[na:na]
	at java.base/java.lang.Thread.run(Thread.java:1516) ~[na:na]

2026-10-02T00:09:43.897-03:00 ERROR 10748 --- [zeroshop] [task-3] i.z.service.notification.EmailService    : Fallo de transporte SMTP al enviar correo HTML a client@gmail.com: Failed messages: org.eclipse.angus.mail.smtp.SMTPSendFailedException: 550-5.4.5 Daily user sending limit exceeded. For more information on Gmail
550-5.4.5 sending limits go to
550 5.4.5  https://support.google.com/a/answer/166852 5a478bee46e88-34f14f8e9c7sm2602096eec.14 - gsmtp


org.springframework.mail.MailSendException: Failed messages: org.eclipse.angus.mail.smtp.SMTPSendFailedException: 550-5.4.5 Daily user sending limit exceeded. For more information on Gmail
550-5.4.5 sending limits go to
550 5.4.5  https://support.google.com/a/answer/166852 5a478bee46e88-34f14f8e9c7sm2602096eec.14 - gsmtp
; message exceptions (1) are:
Failed message 1: org.eclipse.angus.mail.smtp.SMTPSendFailedException: 550-5.4.5 Daily user sending limit exceeded. For more information on Gmail
550-5.4.5 sending limits go to
550 5.4.5  https://support.google.com/a/answer/166852 5a478bee46e88-34f14f8e9c7sm2602096eec.14 - gsmtp

	at org.springframework.mail.javamail.JavaMailSenderImpl.doSend(JavaMailSenderImpl.java:440) ~[spring-context-support-7.0.9.jar:7.0.9]
	at org.springframework.mail.javamail.JavaMailSenderImpl.send(JavaMailSenderImpl.java:337) ~[spring-context-support-7.0.9.jar:7.0.9]
	at org.springframework.mail.javamail.JavaMailSender.send(JavaMailSender.java:101) ~[spring-context-support-7.0.9.jar:7.0.9]
	at ingsoftware.zeroshop.service.notification.EmailService.sendHtmlEmail(EmailService.java:89) ~[classes/:na]
	at ingsoftware.zeroshop.service.notification.EmailService.sendOrderReceiptEmail(EmailService.java:216) ~[classes/:na]
	at java.base/jdk.internal.reflect.DirectMethodHandleAccessor.invoke(DirectMethodHandleAccessor.java:104) ~[na:na]
	at java.base/java.lang.reflect.Method.invoke(Method.java:565) ~[na:na]
	at org.springframework.aop.support.AopUtils.invokeJoinpointUsingReflection(AopUtils.java:359) ~[spring-aop-7.0.9.jar:7.0.9]
	at org.springframework.aop.framework.ReflectiveMethodInvocation.invokeJoinpoint(ReflectiveMethodInvocation.java:190) ~[spring-aop-7.0.9.jar:7.0.9]
	at org.springframework.aop.framework.ReflectiveMethodInvocation.proceed(ReflectiveMethodInvocation.java:158) ~[spring-aop-7.0.9.jar:7.0.9]
	at org.springframework.aop.interceptor.AsyncExecutionInterceptor.lambda$invoke$0(AsyncExecutionInterceptor.java:112) ~[spring-aop-7.0.9.jar:7.0.9]
	at java.base/java.util.concurrent.FutureTask.run(FutureTask.java:330) ~[na:na]
	at java.base/java.util.concurrent.ThreadPoolExecutor.runWorker(ThreadPoolExecutor.java:1090) ~[na:na]
	at java.base/java.util.concurrent.ThreadPoolExecutor$Worker.run(ThreadPoolExecutor.java:614) ~[na:na]
	at java.base/java.lang.Thread.run(Thread.java:1516) ~[na:na]

2026-10-02T00:09:43.903-03:00 ERROR 10748 --- [zeroshop] [task-2] i.z.service.notification.EmailService    : Fallo de transporte SMTP al enviar correo HTML a client@gmail.com: Failed messages: org.eclipse.angus.mail.smtp.SMTPSendFailedException: 550-5.4.5 Daily user sending limit exceeded. For more information on Gmail
550-5.4.5 sending limits go to
550 5.4.5  https://support.google.com/a/answer/166852 5a478bee46e88-34f150248b4sm2385864eec.30 - gsmtp


org.springframework.mail.MailSendException: Failed messages: org.eclipse.angus.mail.smtp.SMTPSendFailedException: 550-5.4.5 Daily user sending limit exceeded. For more information on Gmail
550-5.4.5 sending limits go to
550 5.4.5  https://support.google.com/a/answer/166852 5a478bee46e88-34f150248b4sm2385864eec.30 - gsmtp
; message exceptions (1) are:
Failed message 1: org.eclipse.angus.mail.smtp.SMTPSendFailedException: 550-5.4.5 Daily user sending limit exceeded. For more information on Gmail
550-5.4.5 sending limits go to
550 5.4.5  https://support.google.com/a/answer/166852 5a478bee46e88-34f150248b4sm2385864eec.30 - gsmtp

	at org.springframework.mail.javamail.JavaMailSenderImpl.doSend(JavaMailSenderImpl.java:440) ~[spring-context-support-7.0.9.jar:7.0.9]
	at org.springframework.mail.javamail.JavaMailSenderImpl.send(JavaMailSenderImpl.java:337) ~[spring-context-support-7.0.9.jar:7.0.9]
	at org.springframework.mail.javamail.JavaMailSender.send(JavaMailSender.java:101) ~[spring-context-support-7.0.9.jar:7.0.9]
	at ingsoftware.zeroshop.service.notification.EmailService.sendHtmlEmail(EmailService.java:89) ~[classes/:na]
	at ingsoftware.zeroshop.service.notification.EmailService.sendOrderReceiptEmail(EmailService.java:216) ~[classes/:na]
	at java.base/jdk.internal.reflect.DirectMethodHandleAccessor.invoke(DirectMethodHandleAccessor.java:104) ~[na:na]
	at java.base/java.lang.reflect.Method.invoke(Method.java:565) ~[na:na]
	at org.springframework.aop.support.AopUtils.invokeJoinpointUsingReflection(AopUtils.java:359) ~[spring-aop-7.0.9.jar:7.0.9]
	at org.springframework.aop.framework.ReflectiveMethodInvocation.invokeJoinpoint(ReflectiveMethodInvocation.java:190) ~[spring-aop-7.0.9.jar:7.0.9]
	at org.springframework.aop.framework.ReflectiveMethodInvocation.proceed(ReflectiveMethodInvocation.java:158) ~[spring-aop-7.0.9.jar:7.0.9]
	at org.springframework.aop.interceptor.AsyncExecutionInterceptor.lambda$invoke$0(AsyncExecutionInterceptor.java:112) ~[spring-aop-7.0.9.jar:7.0.9]
	at java.base/java.util.concurrent.FutureTask.run(FutureTask.java:330) ~[na:na]
	at java.base/java.util.concurrent.ThreadPoolExecutor.runWorker(ThreadPoolExecutor.java:1090) ~[na:na]
	at java.base/java.util.concurrent.ThreadPoolExecutor$Worker.run(ThreadPoolExecutor.java:614) ~[na:na]
	at java.base/java.lang.Thread.run(Thread.java:1516) ~[na:na]

2026-10-02T00:09:44.623-03:00 ERROR 10748 --- [zeroshop] [task-6] i.z.service.notification.EmailService    : Fallo de transporte SMTP al enviar correo HTML a client@gmail.com: Failed messages: org.eclipse.angus.mail.smtp.SMTPSendFailedException: 550-5.4.5 Daily user sending limit exceeded. For more information on Gmail
550-5.4.5 sending limits go to
550 5.4.5  https://support.google.com/a/answer/166852 5a478bee46e88-34f14fcd065sm2107856eec.19 - gsmtp


org.springframework.mail.MailSendException: Failed messages: org.eclipse.angus.mail.smtp.SMTPSendFailedException: 550-5.4.5 Daily user sending limit exceeded. For more information on Gmail
550-5.4.5 sending limits go to
550 5.4.5  https://support.google.com/a/answer/166852 5a478bee46e88-34f14fcd065sm2107856eec.19 - gsmtp
; message exceptions (1) are:
Failed message 1: org.eclipse.angus.mail.smtp.SMTPSendFailedException: 550-5.4.5 Daily user sending limit exceeded. For more information on Gmail
550-5.4.5 sending limits go to
550 5.4.5  https://support.google.com/a/answer/166852 5a478bee46e88-34f14fcd065sm2107856eec.19 - gsmtp

	at org.springframework.mail.javamail.JavaMailSenderImpl.doSend(JavaMailSenderImpl.java:440) ~[spring-context-support-7.0.9.jar:7.0.9]
	at org.springframework.mail.javamail.JavaMailSenderImpl.send(JavaMailSenderImpl.java:337) ~[spring-context-support-7.0.9.jar:7.0.9]
	at org.springframework.mail.javamail.JavaMailSender.send(JavaMailSender.java:101) ~[spring-context-support-7.0.9.jar:7.0.9]
	at ingsoftware.zeroshop.service.notification.EmailService.sendHtmlEmail(EmailService.java:89) ~[classes/:na]
	at ingsoftware.zeroshop.service.notification.EmailService.sendOrderReceiptEmail(EmailService.java:216) ~[classes/:na]
	at java.base/jdk.internal.reflect.DirectMethodHandleAccessor.invoke(DirectMethodHandleAccessor.java:104) ~[na:na]
	at java.base/java.lang.reflect.Method.invoke(Method.java:565) ~[na:na]
	at org.springframework.aop.support.AopUtils.invokeJoinpointUsingReflection(AopUtils.java:359) ~[spring-aop-7.0.9.jar:7.0.9]
	at org.springframework.aop.framework.ReflectiveMethodInvocation.invokeJoinpoint(ReflectiveMethodInvocation.java:190) ~[spring-aop-7.0.9.jar:7.0.9]
	at org.springframework.aop.framework.ReflectiveMethodInvocation.proceed(ReflectiveMethodInvocation.java:158) ~[spring-aop-7.0.9.jar:7.0.9]
	at org.springframework.aop.interceptor.AsyncExecutionInterceptor.lambda$invoke$0(AsyncExecutionInterceptor.java:112) ~[spring-aop-7.0.9.jar:7.0.9]
	at java.base/java.util.concurrent.FutureTask.run(FutureTask.java:330) ~[na:na]
	at java.base/java.util.concurrent.ThreadPoolExecutor.runWorker(ThreadPoolExecutor.java:1090) ~[na:na]
	at java.base/java.util.concurrent.ThreadPoolExecutor$Worker.run(ThreadPoolExecutor.java:614) ~[na:na]
	at java.base/java.lang.Thread.run(Thread.java:1516) ~[na:na]

2026-10-02T00:09:44.627-03:00 ERROR 10748 --- [zeroshop] [task-5] i.z.service.notification.EmailService    : Fallo de transporte SMTP al enviar correo HTML a client@gmail.com: Failed messages: org.eclipse.angus.mail.smtp.SMTPSendFailedException: 550-5.4.5 Daily user sending limit exceeded. For more information on Gmail
550-5.4.5 sending limits go to
550 5.4.5  https://support.google.com/a/answer/166852 5a478bee46e88-35105dd1dfasm211369eec.8 - gsmtp


org.springframework.mail.MailSendException: Failed messages: org.eclipse.angus.mail.smtp.SMTPSendFailedException: 550-5.4.5 Daily user sending limit exceeded. For more information on Gmail
550-5.4.5 sending limits go to
550 5.4.5  https://support.google.com/a/answer/166852 5a478bee46e88-35105dd1dfasm211369eec.8 - gsmtp
; message exceptions (1) are:
Failed message 1: org.eclipse.angus.mail.smtp.SMTPSendFailedException: 550-5.4.5 Daily user sending limit exceeded. For more information on Gmail
550-5.4.5 sending limits go to
550 5.4.5  https://support.google.com/a/answer/166852 5a478bee46e88-35105dd1dfasm211369eec.8 - gsmtp

	at org.springframework.mail.javamail.JavaMailSenderImpl.doSend(JavaMailSenderImpl.java:440) ~[spring-context-support-7.0.9.jar:7.0.9]
	at org.springframework.mail.javamail.JavaMailSenderImpl.send(JavaMailSenderImpl.java:337) ~[spring-context-support-7.0.9.jar:7.0.9]
	at org.springframework.mail.javamail.JavaMailSender.send(JavaMailSender.java:101) ~[spring-context-support-7.0.9.jar:7.0.9]
	at ingsoftware.zeroshop.service.notification.EmailService.sendHtmlEmail(EmailService.java:89) ~[classes/:na]
	at ingsoftware.zeroshop.service.notification.EmailService.sendOrderReceiptEmail(EmailService.java:216) ~[classes/:na]
	at java.base/jdk.internal.reflect.DirectMethodHandleAccessor.invoke(DirectMethodHandleAccessor.java:104) ~[na:na]
	at java.base/java.lang.reflect.Method.invoke(Method.java:565) ~[na:na]
	at org.springframework.aop.support.AopUtils.invokeJoinpointUsingReflection(AopUtils.java:359) ~[spring-aop-7.0.9.jar:7.0.9]
	at org.springframework.aop.framework.ReflectiveMethodInvocation.invokeJoinpoint(ReflectiveMethodInvocation.java:190) ~[spring-aop-7.0.9.jar:7.0.9]
	at org.springframework.aop.framework.ReflectiveMethodInvocation.proceed(ReflectiveMethodInvocation.java:158) ~[spring-aop-7.0.9.jar:7.0.9]
	at org.springframework.aop.interceptor.AsyncExecutionInterceptor.lambda$invoke$0(AsyncExecutionInterceptor.java:112) ~[spring-aop-7.0.9.jar:7.0.9]
	at java.base/java.util.concurrent.FutureTask.run(FutureTask.java:330) ~[na:na]
	at java.base/java.util.concurrent.ThreadPoolExecutor.runWorker(ThreadPoolExecutor.java:1090) ~[na:na]
	at java.base/java.util.concurrent.ThreadPoolExecutor$Worker.run(ThreadPoolExecutor.java:614) ~[na:na]
	at java.base/java.lang.Thread.run(Thread.java:1516) ~[na:na]

2026-10-02T00:09:44.923-03:00 ERROR 10748 --- [zeroshop] [task-4] i.z.service.notification.EmailService    : Fallo de transporte SMTP al enviar correo HTML a client@gmail.com: Failed messages: org.eclipse.angus.mail.smtp.SMTPSendFailedException: 550-5.4.5 Daily user sending limit exceeded. For more information on Gmail
550-5.4.5 sending limits go to
550 5.4.5  https://support.google.com/a/answer/166852 5a478bee46e88-34f15001196sm2195576eec.27 - gsmtp


org.springframework.mail.MailSendException: Failed messages: org.eclipse.angus.mail.smtp.SMTPSendFailedException: 550-5.4.5 Daily user sending limit exceeded. For more information on Gmail
550-5.4.5 sending limits go to
550 5.4.5  https://support.google.com/a/answer/166852 5a478bee46e88-34f15001196sm2195576eec.27 - gsmtp
; message exceptions (1) are:
Failed message 1: org.eclipse.angus.mail.smtp.SMTPSendFailedException: 550-5.4.5 Daily user sending limit exceeded. For more information on Gmail
550-5.4.5 sending limits go to
550 5.4.5  https://support.google.com/a/answer/166852 5a478bee46e88-34f15001196sm2195576eec.27 - gsmtp

	at org.springframework.mail.javamail.JavaMailSenderImpl.doSend(JavaMailSenderImpl.java:440) ~[spring-context-support-7.0.9.jar:7.0.9]
	at org.springframework.mail.javamail.JavaMailSenderImpl.send(JavaMailSenderImpl.java:337) ~[spring-context-support-7.0.9.jar:7.0.9]
	at org.springframework.mail.javamail.JavaMailSender.send(JavaMailSender.java:101) ~[spring-context-support-7.0.9.jar:7.0.9]
	at ingsoftware.zeroshop.service.notification.EmailService.sendHtmlEmail(EmailService.java:89) ~[classes/:na]
	at ingsoftware.zeroshop.service.notification.EmailService.sendOrderReceiptEmail(EmailService.java:216) ~[classes/:na]
	at java.base/jdk.internal.reflect.DirectMethodHandleAccessor.invoke(DirectMethodHandleAccessor.java:104) ~[na:na]
	at java.base/java.lang.reflect.Method.invoke(Method.java:565) ~[na:na]
	at org.springframework.aop.support.AopUtils.invokeJoinpointUsingReflection(AopUtils.java:359) ~[spring-aop-7.0.9.jar:7.0.9]
	at org.springframework.aop.framework.ReflectiveMethodInvocation.invokeJoinpoint(ReflectiveMethodInvocation.java:190) ~[spring-aop-7.0.9.jar:7.0.9]
	at org.springframework.aop.framework.ReflectiveMethodInvocation.proceed(ReflectiveMethodInvocation.java:158) ~[spring-aop-7.0.9.jar:7.0.9]
	at org.springframework.aop.interceptor.AsyncExecutionInterceptor.lambda$invoke$0(AsyncExecutionInterceptor.java:112) ~[spring-aop-7.0.9.jar:7.0.9]
	at java.base/java.util.concurrent.FutureTask.run(FutureTask.java:330) ~[na:na]
	at java.base/java.util.concurrent.ThreadPoolExecutor.runWorker(ThreadPoolExecutor.java:1090) ~[na:na]
	at java.base/java.util.concurrent.ThreadPoolExecutor$Worker.run(ThreadPoolExecutor.java:614) ~[na:na]
	at java.base/java.lang.Thread.run(Thread.java:1516) ~[na:na]

2026-10-02T00:09:45.242-03:00 ERROR 10748 --- [zeroshop] [task-7] i.z.service.notification.EmailService    : Fallo de transporte SMTP al enviar correo HTML a client@gmail.com: Failed messages: org.eclipse.angus.mail.smtp.SMTPSendFailedException: 550-5.4.5 Daily user sending limit exceeded. For more information on Gmail
550-5.4.5 sending limits go to
550 5.4.5  https://support.google.com/a/answer/166852 a92af1059eb24-14f43eba13bsm2398787c88.2 - gsmtp


org.springframework.mail.MailSendException: Failed messages: org.eclipse.angus.mail.smtp.SMTPSendFailedException: 550-5.4.5 Daily user sending limit exceeded. For more information on Gmail
550-5.4.5 sending limits go to
550 5.4.5  https://support.google.com/a/answer/166852 a92af1059eb24-14f43eba13bsm2398787c88.2 - gsmtp
; message exceptions (1) are:
Failed message 1: org.eclipse.angus.mail.smtp.SMTPSendFailedException: 550-5.4.5 Daily user sending limit exceeded. For more information on Gmail
550-5.4.5 sending limits go to
550 5.4.5  https://support.google.com/a/answer/166852 a92af1059eb24-14f43eba13bsm2398787c88.2 - gsmtp

	at org.springframework.mail.javamail.JavaMailSenderImpl.doSend(JavaMailSenderImpl.java:440) ~[spring-context-support-7.0.9.jar:7.0.9]
	at org.springframework.mail.javamail.JavaMailSenderImpl.send(JavaMailSenderImpl.java:337) ~[spring-context-support-7.0.9.jar:7.0.9]
	at org.springframework.mail.javamail.JavaMailSender.send(JavaMailSender.java:101) ~[spring-context-support-7.0.9.jar:7.0.9]
	at ingsoftware.zeroshop.service.notification.EmailService.sendHtmlEmail(EmailService.java:89) ~[classes/:na]
	at ingsoftware.zeroshop.service.notification.EmailService.sendOrderReceiptEmail(EmailService.java:216) ~[classes/:na]
	at java.base/jdk.internal.reflect.DirectMethodHandleAccessor.invoke(DirectMethodHandleAccessor.java:104) ~[na:na]
	at java.base/java.lang.reflect.Method.invoke(Method.java:565) ~[na:na]
	at org.springframework.aop.support.AopUtils.invokeJoinpointUsingReflection(AopUtils.java:359) ~[spring-aop-7.0.9.jar:7.0.9]
	at org.springframework.aop.framework.ReflectiveMethodInvocation.invokeJoinpoint(ReflectiveMethodInvocation.java:190) ~[spring-aop-7.0.9.jar:7.0.9]
	at org.springframework.aop.framework.ReflectiveMethodInvocation.proceed(ReflectiveMethodInvocation.java:158) ~[spring-aop-7.0.9.jar:7.0.9]
	at org.springframework.aop.interceptor.AsyncExecutionInterceptor.lambda$invoke$0(AsyncExecutionInterceptor.java:112) ~[spring-aop-7.0.9.jar:7.0.9]
	at java.base/java.util.concurrent.FutureTask.run(FutureTask.java:330) ~[na:na]
	at java.base/java.util.concurrent.ThreadPoolExecutor.runWorker(ThreadPoolExecutor.java:1090) ~[na:na]
	at java.base/java.util.concurrent.ThreadPoolExecutor$Worker.run(ThreadPoolExecutor.java:614) ~[na:na]
	at java.base/java.lang.Thread.run(Thread.java:1516) ~[na:na]

2026-10-02T00:09:45.245-03:00  INFO 10748 --- [zeroshop] [SpringApplicationShutdownHook] j.LocalContainerEntityManagerFactoryBean : Closing JPA EntityManagerFactory for persistence unit 'default'
2026-10-02T00:09:45.249-03:00  INFO 10748 --- [zeroshop] [SpringApplicationShutdownHook] com.zaxxer.hikari.HikariDataSource       : HikariPool-1 - Shutdown initiated...
2026-10-02T00:09:45.250-03:00  INFO 10748 --- [zeroshop] [SpringApplicationShutdownHook] com.zaxxer.hikari.HikariDataSource       : HikariPool-1 - Shutdown completed.
2026-10-02T00:10:05.025-03:00  INFO 47912 --- [zeroshop] [scheduling-1] i.z.s.notification.NewsletterService     : Iniciando despacho periódico de newsletter de ofertas a clientes...
2026-10-02T00:10:05.029-03:00  INFO 47912 --- [zeroshop] [scheduling-1] i.z.s.notification.NewsletterService     : Newsletter de ofertas despachada exitosamente a 3 clientes.
2026-10-02T00:10:07.242-03:00 ERROR 47912 --- [zeroshop] [task-2] i.z.service.notification.EmailService    : Fallo de transporte SMTP al enviar correo HTML a maria.gonzalez@gmail.com: Failed messages: org.eclipse.angus.mail.smtp.SMTPSendFailedException: 550-5.4.5 Daily user sending limit exceeded. For more information on Gmail
550-5.4.5 sending limits go to
550 5.4.5  https://support.google.com/a/answer/166852 5a478bee46e88-34f14f2dfbbsm2426820eec.10 - gsmtp


org.springframework.mail.MailSendException: Failed messages: org.eclipse.angus.mail.smtp.SMTPSendFailedException: 550-5.4.5 Daily user sending limit exceeded. For more information on Gmail
550-5.4.5 sending limits go to
550 5.4.5  https://support.google.com/a/answer/166852 5a478bee46e88-34f14f2dfbbsm2426820eec.10 - gsmtp
; message exceptions (1) are:
Failed message 1: org.eclipse.angus.mail.smtp.SMTPSendFailedException: 550-5.4.5 Daily user sending limit exceeded. For more information on Gmail
550-5.4.5 sending limits go to
550 5.4.5  https://support.google.com/a/answer/166852 5a478bee46e88-34f14f2dfbbsm2426820eec.10 - gsmtp

	at org.springframework.mail.javamail.JavaMailSenderImpl.doSend(JavaMailSenderImpl.java:440) ~[spring-context-support-7.0.9.jar:7.0.9]
	at org.springframework.mail.javamail.JavaMailSenderImpl.send(JavaMailSenderImpl.java:337) ~[spring-context-support-7.0.9.jar:7.0.9]
	at org.springframework.mail.javamail.JavaMailSender.send(JavaMailSender.java:101) ~[spring-context-support-7.0.9.jar:7.0.9]
	at ingsoftware.zeroshop.service.notification.EmailService.sendHtmlEmail(EmailService.java:89) ~[classes/:na]
	at java.base/jdk.internal.reflect.DirectMethodHandleAccessor.invoke(Unknown Source) ~[na:na]
	at java.base/java.lang.reflect.Method.invoke(Unknown Source) ~[na:na]
	at org.springframework.aop.support.AopUtils.invokeJoinpointUsingReflection(AopUtils.java:359) ~[spring-aop-7.0.9.jar:7.0.9]
	at org.springframework.aop.framework.ReflectiveMethodInvocation.invokeJoinpoint(ReflectiveMethodInvocation.java:190) ~[spring-aop-7.0.9.jar:7.0.9]
	at org.springframework.aop.framework.ReflectiveMethodInvocation.proceed(ReflectiveMethodInvocation.java:158) ~[spring-aop-7.0.9.jar:7.0.9]
	at org.springframework.aop.interceptor.AsyncExecutionInterceptor.lambda$invoke$0(AsyncExecutionInterceptor.java:112) ~[spring-aop-7.0.9.jar:7.0.9]
	at java.base/java.util.concurrent.FutureTask.run(Unknown Source) ~[na:na]
	at java.base/java.util.concurrent.ThreadPoolExecutor.runWorker(Unknown Source) ~[na:na]
	at java.base/java.util.concurrent.ThreadPoolExecutor$Worker.run(Unknown Source) ~[na:na]
	at java.base/java.lang.Thread.run(Unknown Source) ~[na:na]

2026-10-02T00:10:07.363-03:00 ERROR 47912 --- [zeroshop] [task-1] i.z.service.notification.EmailService    : Fallo de transporte SMTP al enviar correo HTML a client@gmail.com: Failed messages: org.eclipse.angus.mail.smtp.SMTPSendFailedException: 550-5.4.5 Daily user sending limit exceeded. For more information on Gmail
550-5.4.5 sending limits go to
550 5.4.5  https://support.google.com/a/answer/166852 5a478bee46e88-34f0672c382sm2440532eec.2 - gsmtp


org.springframework.mail.MailSendException: Failed messages: org.eclipse.angus.mail.smtp.SMTPSendFailedException: 550-5.4.5 Daily user sending limit exceeded. For more information on Gmail
550-5.4.5 sending limits go to
550 5.4.5  https://support.google.com/a/answer/166852 5a478bee46e88-34f0672c382sm2440532eec.2 - gsmtp
; message exceptions (1) are:
Failed message 1: org.eclipse.angus.mail.smtp.SMTPSendFailedException: 550-5.4.5 Daily user sending limit exceeded. For more information on Gmail
550-5.4.5 sending limits go to
550 5.4.5  https://support.google.com/a/answer/166852 5a478bee46e88-34f0672c382sm2440532eec.2 - gsmtp

	at org.springframework.mail.javamail.JavaMailSenderImpl.doSend(JavaMailSenderImpl.java:440) ~[spring-context-support-7.0.9.jar:7.0.9]
	at org.springframework.mail.javamail.JavaMailSenderImpl.send(JavaMailSenderImpl.java:337) ~[spring-context-support-7.0.9.jar:7.0.9]
	at org.springframework.mail.javamail.JavaMailSender.send(JavaMailSender.java:101) ~[spring-context-support-7.0.9.jar:7.0.9]
	at ingsoftware.zeroshop.service.notification.EmailService.sendHtmlEmail(EmailService.java:89) ~[classes/:na]
	at java.base/jdk.internal.reflect.DirectMethodHandleAccessor.invoke(Unknown Source) ~[na:na]
	at java.base/java.lang.reflect.Method.invoke(Unknown Source) ~[na:na]
	at org.springframework.aop.support.AopUtils.invokeJoinpointUsingReflection(AopUtils.java:359) ~[spring-aop-7.0.9.jar:7.0.9]
	at org.springframework.aop.framework.ReflectiveMethodInvocation.invokeJoinpoint(ReflectiveMethodInvocation.java:190) ~[spring-aop-7.0.9.jar:7.0.9]
	at org.springframework.aop.framework.ReflectiveMethodInvocation.proceed(ReflectiveMethodInvocation.java:158) ~[spring-aop-7.0.9.jar:7.0.9]
	at org.springframework.aop.interceptor.AsyncExecutionInterceptor.lambda$invoke$0(AsyncExecutionInterceptor.java:112) ~[spring-aop-7.0.9.jar:7.0.9]
	at java.base/java.util.concurrent.FutureTask.run(Unknown Source) ~[na:na]
	at java.base/java.util.concurrent.ThreadPoolExecutor.runWorker(Unknown Source) ~[na:na]
	at java.base/java.util.concurrent.ThreadPoolExecutor$Worker.run(Unknown Source) ~[na:na]
	at java.base/java.lang.Thread.run(Unknown Source) ~[na:na]

2026-10-02T00:10:07.980-03:00 ERROR 47912 --- [zeroshop] [task-3] i.z.service.notification.EmailService    : Fallo de transporte SMTP al enviar correo HTML a agustin.rodriguez@gmail.com: Failed messages: org.eclipse.angus.mail.smtp.SMTPSendFailedException: 550-5.4.5 Daily user sending limit exceeded. For more information on Gmail
550-5.4.5 sending limits go to
550 5.4.5  https://support.google.com/a/answer/166852 5a478bee46e88-34f0672c2d1sm3037955eec.4 - gsmtp


org.springframework.mail.MailSendException: Failed messages: org.eclipse.angus.mail.smtp.SMTPSendFailedException: 550-5.4.5 Daily user sending limit exceeded. For more information on Gmail
550-5.4.5 sending limits go to
550 5.4.5  https://support.google.com/a/answer/166852 5a478bee46e88-34f0672c2d1sm3037955eec.4 - gsmtp
; message exceptions (1) are:
Failed message 1: org.eclipse.angus.mail.smtp.SMTPSendFailedException: 550-5.4.5 Daily user sending limit exceeded. For more information on Gmail
550-5.4.5 sending limits go to
550 5.4.5  https://support.google.com/a/answer/166852 5a478bee46e88-34f0672c2d1sm3037955eec.4 - gsmtp

	at org.springframework.mail.javamail.JavaMailSenderImpl.doSend(JavaMailSenderImpl.java:440) ~[spring-context-support-7.0.9.jar:7.0.9]
	at org.springframework.mail.javamail.JavaMailSenderImpl.send(JavaMailSenderImpl.java:337) ~[spring-context-support-7.0.9.jar:7.0.9]
	at org.springframework.mail.javamail.JavaMailSender.send(JavaMailSender.java:101) ~[spring-context-support-7.0.9.jar:7.0.9]
	at ingsoftware.zeroshop.service.notification.EmailService.sendHtmlEmail(EmailService.java:89) ~[classes/:na]
	at java.base/jdk.internal.reflect.DirectMethodHandleAccessor.invoke(Unknown Source) ~[na:na]
	at java.base/java.lang.reflect.Method.invoke(Unknown Source) ~[na:na]
	at org.springframework.aop.support.AopUtils.invokeJoinpointUsingReflection(AopUtils.java:359) ~[spring-aop-7.0.9.jar:7.0.9]
	at org.springframework.aop.framework.ReflectiveMethodInvocation.invokeJoinpoint(ReflectiveMethodInvocation.java:190) ~[spring-aop-7.0.9.jar:7.0.9]
	at org.springframework.aop.framework.ReflectiveMethodInvocation.proceed(ReflectiveMethodInvocation.java:158) ~[spring-aop-7.0.9.jar:7.0.9]
	at org.springframework.aop.interceptor.AsyncExecutionInterceptor.lambda$invoke$0(AsyncExecutionInterceptor.java:112) ~[spring-aop-7.0.9.jar:7.0.9]
	at java.base/java.util.concurrent.FutureTask.run(Unknown Source) ~[na:na]
	at java.base/java.util.concurrent.ThreadPoolExecutor.runWorker(Unknown Source) ~[na:na]
	at java.base/java.util.concurrent.ThreadPoolExecutor$Worker.run(Unknown Source) ~[na:na]
	at java.base/java.lang.Thread.run(Unknown Source) ~[na:na]

2026-10-02T00:10:11.361-03:00  INFO 32148 --- [zeroshop] [main] istingPaginationAndFilterIntegrationTest : Starting ListingPaginationAndFilterIntegrationTest using Java 26.0.2.1 with PID 32148 (started by Lucho in C:\Users\Lucho\Desktop\zero-shop)
2026-10-02T00:10:11.362-03:00  INFO 32148 --- [zeroshop] [main] istingPaginationAndFilterIntegrationTest : No active profile set, falling back to 1 default profile: "default"
2026-10-02T00:10:11.844-03:00  INFO 32148 --- [zeroshop] [main] .s.d.r.c.RepositoryConfigurationDelegate : Bootstrapping Spring Data JPA repositories in DEFAULT mode.
2026-10-02T00:10:11.927-03:00  INFO 32148 --- [zeroshop] [main] .s.d.r.c.RepositoryConfigurationDelegate : Finished Spring Data repository scanning in 78 ms. Found 29 JPA repository interfaces.
2026-10-02T00:10:12.326-03:00  INFO 32148 --- [zeroshop] [main] org.hibernate.orm.jpa                    : HHH008540: Processing PersistenceUnitInfo [name: default]
2026-10-02T00:10:12.362-03:00  INFO 32148 --- [zeroshop] [main] org.hibernate.orm.core                   : HHH000001: Hibernate ORM core version 7.4.5.Final
2026-10-02T00:10:12.656-03:00  INFO 32148 --- [zeroshop] [main] o.s.o.j.p.SpringPersistenceUnitInfo      : No LoadTimeWeaver setup: ignoring JPA class transformer
2026-10-02T00:10:12.672-03:00  INFO 32148 --- [zeroshop] [main] com.zaxxer.hikari.HikariDataSource       : HikariPool-1 - Starting...
2026-10-02T00:10:12.771-03:00  INFO 32148 --- [zeroshop] [main] com.zaxxer.hikari.pool.HikariPool        : HikariPool-1 - Added connection org.postgresql.jdbc.PgConnection@716e6fa5
2026-10-02T00:10:12.772-03:00  INFO 32148 --- [zeroshop] [main] com.zaxxer.hikari.HikariDataSource       : HikariPool-1 - Start completed.
2026-10-02T00:10:12.790-03:00  WARN 32148 --- [zeroshop] [main] org.hibernate.orm.deprecation            : HHH90000025: PostgreSQLDialect does not need to be specified explicitly using 'hibernate.dialect' (remove the property setting and it will be selected by default)
2026-10-02T00:10:12.806-03:00  INFO 32148 --- [zeroshop] [main] org.hibernate.orm.connections.pooling    : HHH10001005: Database info:
	Database JDBC URL [jdbc:postgresql://localhost:5432/zero-shop?currentSchema=public]
	Database driver: PostgreSQL JDBC Driver
	Database dialect: PostgreSQLDialect
	Database version: 18.6
	Default catalog/schema: zero-shop/public
	Autocommit mode: undefined/unknown
	Isolation level: READ_COMMITTED [default READ_COMMITTED]
	JDBC fetch size: none
	Pool: DataSourceConnectionProvider
	Minimum pool size: undefined/unknown
	Maximum pool size: undefined/unknown
2026-10-02T00:10:13.714-03:00  INFO 32148 --- [zeroshop] [main] org.hibernate.orm.core                   : HHH000489: No JTA platform available (set 'hibernate.transaction.jta.platform' to enable JTA platform integration)
2026-10-02T00:10:13.778-03:00  INFO 32148 --- [zeroshop] [main] j.LocalContainerEntityManagerFactoryBean : Initialized JPA EntityManagerFactory for persistence unit 'default'
2026-10-02T00:10:13.834-03:00  INFO 32148 --- [zeroshop] [main] o.s.d.j.r.query.QueryEnhancerFactories   : Hibernate is in classpath; If applicable, HQL parser will be used.
2026-10-02T00:10:14.453-03:00  INFO 32148 --- [zeroshop] [main] ingsoftware.zeroshop.config.MailConfig   : JavaMailSender configurado exitosamente para la cuenta SMTP: juancruz.ambrosini2@gmail.com
2026-10-02T00:10:14.509-03:00  INFO 32148 --- [zeroshop] [main] i.z.s.transaction.MercadoPagoService     : Mercado Pago SDK inicializado correctamente.
2026-10-02T00:10:14.550-03:00  INFO 32148 --- [zeroshop] [main] i.z.service.storage.FileStorageService   : Directorio de almacenamiento de archivos inicializado en: C:\Users\Lucho\Desktop\zero-shop\uploads\products
2026-10-02T00:10:14.681-03:00  INFO 32148 --- [zeroshop] [main] r$InitializeUserDetailsManagerConfigurer : Global AuthenticationManager configured with UserDetailsService bean with name customUserDetailsService
2026-10-02T00:10:15.049-03:00  INFO 32148 --- [zeroshop] [main] istingPaginationAndFilterIntegrationTest : Started ListingPaginationAndFilterIntegrationTest in 3.851 seconds (process running for 4.548)
2026-10-02T00:10:15.148-03:00  INFO 32148 --- [zeroshop] [main] i.zeroshop.config.DataInitializer        : La base de datos ya contiene datos registrados. Omitiendo repoblación automática.
2026-10-02T00:10:15.219-03:00  INFO 32148 --- [zeroshop] [main] i.zeroshop.config.DataInitializer        : Imágenes y nombres del catálogo inicial sincronizados con éxito desde products.json.
2026-10-02T00:10:15.222-03:00  INFO 32148 --- [zeroshop] [main] i.z.config.DatabaseMigrationRunner       : Restricción orders_status_check verificada y eliminada para permitir nuevos estados de pedido.
2026-10-02T00:10:15.225-03:00  INFO 32148 --- [zeroshop] [main] i.z.config.DatabaseMigrationRunner       : Columna orders.payment_method verificada y sincronizada.
2026-10-02T00:10:15.225-03:00  INFO 32148 --- [zeroshop] [main] i.z.config.DatabaseMigrationRunner       : Columna sale_orders.office_id verificada para permitir null en estado ON_CART.
2026-10-02T00:10:15.227-03:00  INFO 32148 --- [zeroshop] [main] i.z.config.DatabaseMigrationRunner       : Restricción única de users.person_id eliminada para permitir múltiples usuarios por persona.
2026-10-02T00:10:15.230-03:00  INFO 32148 --- [zeroshop] [main] i.z.config.DatabaseMigrationRunner       : Restricción sale_orders.client_id actualizada para referenciar persons(id).
2026-10-02T00:10:15.230-03:00  INFO 32148 --- [zeroshop] [main] i.z.config.DatabaseMigrationRunner       : Tabla person_addresses actualizada para permitir inserción de join table.
2026-10-02T00:10:15.231-03:00  INFO 32148 --- [zeroshop] [main] i.z.config.DatabaseMigrationRunner       : Tabla person_contacts actualizada para permitir inserción de join table.
2026-10-02T00:10:15.232-03:00  INFO 32148 --- [zeroshop] [main] i.z.config.DatabaseMigrationRunner       : Tabla supplier_addresses actualizada para permitir inserción de join table.
2026-10-02T00:10:15.233-03:00  INFO 32148 --- [zeroshop] [main] i.z.config.DatabaseMigrationRunner       : Tabla supplier_contacts actualizada para permitir inserción de join table.
2026-10-02T00:10:15.236-03:00  INFO 32148 --- [zeroshop] [main] i.z.config.DatabaseMigrationRunner       : Tabla pending_registrations verificada o creada con éxito.
2026-10-02T00:10:15.430-03:00  INFO 32148 --- [zeroshop] [main] o.s.b.t.m.w.SpringBootMockServletContext : Initializing Spring TestDispatcherServlet ''
2026-10-02T00:10:15.430-03:00  INFO 32148 --- [zeroshop] [main] o.s.t.web.servlet.TestDispatcherServlet  : Initializing Servlet ''
2026-10-02T00:10:15.431-03:00  INFO 32148 --- [zeroshop] [main] o.s.t.web.servlet.TestDispatcherServlet  : Completed initialization in 1 ms
2026-10-02T00:10:15.749-03:00  INFO 32148 --- [zeroshop] [main] o.s.b.t.m.w.SpringBootMockServletContext : Initializing Spring TestDispatcherServlet ''
2026-10-02T00:10:15.750-03:00  INFO 32148 --- [zeroshop] [main] o.s.t.web.servlet.TestDispatcherServlet  : Initializing Servlet ''
2026-10-02T00:10:15.750-03:00  INFO 32148 --- [zeroshop] [main] o.s.t.web.servlet.TestDispatcherServlet  : Completed initialization in 0 ms
2026-10-02T00:10:15.781-03:00  INFO 32148 --- [zeroshop] [main] o.s.b.t.m.w.SpringBootMockServletContext : Initializing Spring TestDispatcherServlet ''
2026-10-02T00:10:15.781-03:00  INFO 32148 --- [zeroshop] [main] o.s.t.web.servlet.TestDispatcherServlet  : Initializing Servlet ''
2026-10-02T00:10:15.781-03:00  INFO 32148 --- [zeroshop] [main] o.s.t.web.servlet.TestDispatcherServlet  : Completed initialization in 0 ms
2026-10-02T00:10:15.832-03:00  INFO 32148 --- [zeroshop] [main] o.s.b.t.m.w.SpringBootMockServletContext : Initializing Spring TestDispatcherServlet ''
2026-10-02T00:10:15.832-03:00  INFO 32148 --- [zeroshop] [main] o.s.t.web.servlet.TestDispatcherServlet  : Initializing Servlet ''
2026-10-02T00:10:15.832-03:00  INFO 32148 --- [zeroshop] [main] o.s.t.web.servlet.TestDispatcherServlet  : Completed initialization in 0 ms
2026-10-02T00:10:15.864-03:00  INFO 32148 --- [zeroshop] [main] o.s.b.t.m.w.SpringBootMockServletContext : Initializing Spring TestDispatcherServlet ''
2026-10-02T00:10:15.864-03:00  INFO 32148 --- [zeroshop] [main] o.s.t.web.servlet.TestDispatcherServlet  : Initializing Servlet ''
2026-10-02T00:10:15.865-03:00  INFO 32148 --- [zeroshop] [main] o.s.t.web.servlet.TestDispatcherServlet  : Completed initialization in 1 ms
2026-10-02T00:10:15.900-03:00  INFO 32148 --- [zeroshop] [main] o.s.b.t.m.w.SpringBootMockServletContext : Initializing Spring TestDispatcherServlet ''
2026-10-02T00:10:15.901-03:00  INFO 32148 --- [zeroshop] [main] o.s.t.web.servlet.TestDispatcherServlet  : Initializing Servlet ''
2026-10-02T00:10:15.901-03:00  INFO 32148 --- [zeroshop] [main] o.s.t.web.servlet.TestDispatcherServlet  : Completed initialization in 0 ms
2026-10-02T00:10:15.908-03:00  INFO 32148 --- [zeroshop] [main] o.s.b.t.m.w.SpringBootMockServletContext : Initializing Spring TestDispatcherServlet ''
2026-10-02T00:10:15.908-03:00  INFO 32148 --- [zeroshop] [main] o.s.t.web.servlet.TestDispatcherServlet  : Initializing Servlet ''
2026-10-02T00:10:15.908-03:00  INFO 32148 --- [zeroshop] [main] o.s.t.web.servlet.TestDispatcherServlet  : Completed initialization in 0 ms
2026-10-02T00:10:15.943-03:00  INFO 32148 --- [zeroshop] [main] o.s.b.t.m.w.SpringBootMockServletContext : Initializing Spring TestDispatcherServlet ''
2026-10-02T00:10:15.943-03:00  INFO 32148 --- [zeroshop] [main] o.s.t.web.servlet.TestDispatcherServlet  : Initializing Servlet ''
2026-10-02T00:10:15.944-03:00  INFO 32148 --- [zeroshop] [main] o.s.t.web.servlet.TestDispatcherServlet  : Completed initialization in 1 ms
2026-10-02T00:10:16.103-03:00  INFO 32148 --- [zeroshop] [main] o.s.b.t.m.w.SpringBootMockServletContext : Initializing Spring TestDispatcherServlet ''
2026-10-02T00:10:16.103-03:00  INFO 32148 --- [zeroshop] [main] o.s.t.web.servlet.TestDispatcherServlet  : Initializing Servlet ''
2026-10-02T00:10:16.104-03:00  INFO 32148 --- [zeroshop] [main] o.s.t.web.servlet.TestDispatcherServlet  : Completed initialization in 1 ms
2026-10-02T00:10:16.122-03:00  INFO 32148 --- [zeroshop] [main] o.s.b.t.m.w.SpringBootMockServletContext : Initializing Spring TestDispatcherServlet ''
2026-10-02T00:10:16.123-03:00  INFO 32148 --- [zeroshop] [main] o.s.t.web.servlet.TestDispatcherServlet  : Initializing Servlet ''
2026-10-02T00:10:16.123-03:00  INFO 32148 --- [zeroshop] [main] o.s.t.web.servlet.TestDispatcherServlet  : Completed initialization in 0 ms
2026-10-02T00:10:16.144-03:00  INFO 32148 --- [zeroshop] [main] o.s.b.t.m.w.SpringBootMockServletContext : Initializing Spring TestDispatcherServlet ''
2026-10-02T00:10:16.144-03:00  INFO 32148 --- [zeroshop] [main] o.s.t.web.servlet.TestDispatcherServlet  : Initializing Servlet ''
2026-10-02T00:10:16.145-03:00  INFO 32148 --- [zeroshop] [main] o.s.t.web.servlet.TestDispatcherServlet  : Completed initialization in 0 ms
2026-10-02T00:10:16.172-03:00  INFO 32148 --- [zeroshop] [main] o.s.b.t.m.w.SpringBootMockServletContext : Initializing Spring TestDispatcherServlet ''
2026-10-02T00:10:16.173-03:00  INFO 32148 --- [zeroshop] [main] o.s.t.web.servlet.TestDispatcherServlet  : Initializing Servlet ''
2026-10-02T00:10:16.174-03:00  INFO 32148 --- [zeroshop] [main] o.s.t.web.servlet.TestDispatcherServlet  : Completed initialization in 1 ms
2026-10-02T00:10:16.191-03:00  INFO 32148 --- [zeroshop] [main] o.s.b.t.m.w.SpringBootMockServletContext : Initializing Spring TestDispatcherServlet ''
2026-10-02T00:10:16.191-03:00  INFO 32148 --- [zeroshop] [main] o.s.t.web.servlet.TestDispatcherServlet  : Initializing Servlet ''
2026-10-02T00:10:16.191-03:00  INFO 32148 --- [zeroshop] [main] o.s.t.web.servlet.TestDispatcherServlet  : Completed initialization in 0 ms
2026-10-02T00:10:16.222-03:00  INFO 32148 --- [zeroshop] [main] o.s.b.t.m.w.SpringBootMockServletContext : Initializing Spring TestDispatcherServlet ''
2026-10-02T00:10:16.222-03:00  INFO 32148 --- [zeroshop] [main] o.s.t.web.servlet.TestDispatcherServlet  : Initializing Servlet ''
2026-10-02T00:10:16.222-03:00  INFO 32148 --- [zeroshop] [main] o.s.t.web.servlet.TestDispatcherServlet  : Completed initialization in 0 ms
2026-10-02T00:10:16.254-03:00  INFO 32148 --- [zeroshop] [main] o.s.b.t.m.w.SpringBootMockServletContext : Initializing Spring TestDispatcherServlet ''
2026-10-02T00:10:16.254-03:00  INFO 32148 --- [zeroshop] [main] o.s.t.web.servlet.TestDispatcherServlet  : Initializing Servlet ''
2026-10-02T00:10:16.254-03:00  INFO 32148 --- [zeroshop] [main] o.s.t.web.servlet.TestDispatcherServlet  : Completed initialization in 0 ms
2026-10-02T00:10:16.268-03:00  INFO 32148 --- [zeroshop] [main] o.s.b.t.m.w.SpringBootMockServletContext : Initializing Spring TestDispatcherServlet ''
2026-10-02T00:10:16.268-03:00  INFO 32148 --- [zeroshop] [main] o.s.t.web.servlet.TestDispatcherServlet  : Initializing Servlet ''
2026-10-02T00:10:16.269-03:00  INFO 32148 --- [zeroshop] [main] o.s.t.web.servlet.TestDispatcherServlet  : Completed initialization in 1 ms
2026-10-02T00:10:16.312-03:00  INFO 32148 --- [zeroshop] [main] o.s.b.t.m.w.SpringBootMockServletContext : Initializing Spring TestDispatcherServlet ''
2026-10-02T00:10:16.312-03:00  INFO 32148 --- [zeroshop] [main] o.s.t.web.servlet.TestDispatcherServlet  : Initializing Servlet ''
2026-10-02T00:10:16.313-03:00  INFO 32148 --- [zeroshop] [main] o.s.t.web.servlet.TestDispatcherServlet  : Completed initialization in 1 ms
2026-10-02T00:10:16.326-03:00  INFO 32148 --- [zeroshop] [main] o.s.b.t.m.w.SpringBootMockServletContext : Initializing Spring TestDispatcherServlet ''
2026-10-02T00:10:16.326-03:00  INFO 32148 --- [zeroshop] [main] o.s.t.web.servlet.TestDispatcherServlet  : Initializing Servlet ''
2026-10-02T00:10:16.327-03:00  INFO 32148 --- [zeroshop] [main] o.s.t.web.servlet.TestDispatcherServlet  : Completed initialization in 1 ms
2026-10-02T00:10:16.342-03:00  INFO 32148 --- [zeroshop] [main] o.s.b.t.m.w.SpringBootMockServletContext : Initializing Spring TestDispatcherServlet ''
2026-10-02T00:10:16.342-03:00  INFO 32148 --- [zeroshop] [main] o.s.t.web.servlet.TestDispatcherServlet  : Initializing Servlet ''
2026-10-02T00:10:16.342-03:00  INFO 32148 --- [zeroshop] [main] o.s.t.web.servlet.TestDispatcherServlet  : Completed initialization in 0 ms
2026-10-02T00:10:16.358-03:00  INFO 32148 --- [zeroshop] [main] t.c.s.AnnotationConfigContextLoaderUtils : Could not detect default configuration classes for test class [ingsoftware.zeroshop.PurchaseFlowIntegrationTest]: PurchaseFlowIntegrationTest does not declare any static, non-private, non-final, nested classes annotated with @Configuration.
2026-10-02T00:10:16.369-03:00  INFO 32148 --- [zeroshop] [main] .b.t.c.SpringBootTestContextBootstrapper : Found @SpringBootConfiguration ingsoftware.zeroshop.ZeroShopApp for test class ingsoftware.zeroshop.PurchaseFlowIntegrationTest
2026-10-02T00:10:16.370-03:00  INFO 32148 --- [zeroshop] [main] t.c.s.AnnotationConfigContextLoaderUtils : Could not detect default configuration classes for test class [ingsoftware.zeroshop.PurchaseFlowIntegrationTest]: PurchaseFlowIntegrationTest does not declare any static, non-private, non-final, nested classes annotated with @Configuration.
2026-10-02T00:10:16.370-03:00  INFO 32148 --- [zeroshop] [main] .b.t.c.SpringBootTestContextBootstrapper : Found @SpringBootConfiguration ingsoftware.zeroshop.ZeroShopApp for test class ingsoftware.zeroshop.PurchaseFlowIntegrationTest
2026-10-02T00:10:17.199-03:00  INFO 32148 --- [zeroshop] [main] i.z.s.transaction.MercadoPagoService     : Redirigiendo a checkout de Mercado Pago: https://www.mercadopago.com.ar/checkout/v1/redirect?pref_id=3683034692-cfbee770-3c1a-4c30-b13e-9b78635fc3a3
2026-10-02T00:10:17.211-03:00  INFO 32148 --- [zeroshop] [main] i.z.service.transaction.PaymentService   : Factura FC-0001-00000006 generada exitosamente para la orden ID: 474eb535-7a1f-4359-9e36-1911cae2e5b7
2026-10-02T00:10:17.218-03:00  INFO 32148 --- [zeroshop] [main] i.z.s.transaction.SaleOrderService       : Enviando correo de confirmación de orden #474eb535-7a1f-4359-9e36-1911cae2e5b7 a client@gmail.com
2026-10-02T00:10:17.248-03:00  INFO 32148 --- [zeroshop] [main] i.z.service.transaction.PaymentService   : Factura FC-0001-00000006 generada exitosamente para la orden ID: 474eb535-7a1f-4359-9e36-1911cae2e5b7
2026-10-02T00:10:19.344-03:00 ERROR 32148 --- [zeroshop] [task-2] i.z.service.notification.EmailService    : Fallo de transporte SMTP al enviar correo HTML a client@gmail.com: Failed messages: org.eclipse.angus.mail.smtp.SMTPSendFailedException: 550-5.4.5 Daily user sending limit exceeded. For more information on Gmail
550-5.4.5 sending limits go to
550 5.4.5  https://support.google.com/a/answer/166852 a1e0cc1a2514c-98b2f15ef60sm1808917241.12 - gsmtp


org.springframework.mail.MailSendException: Failed messages: org.eclipse.angus.mail.smtp.SMTPSendFailedException: 550-5.4.5 Daily user sending limit exceeded. For more information on Gmail
550-5.4.5 sending limits go to
550 5.4.5  https://support.google.com/a/answer/166852 a1e0cc1a2514c-98b2f15ef60sm1808917241.12 - gsmtp
; message exceptions (1) are:
Failed message 1: org.eclipse.angus.mail.smtp.SMTPSendFailedException: 550-5.4.5 Daily user sending limit exceeded. For more information on Gmail
550-5.4.5 sending limits go to
550 5.4.5  https://support.google.com/a/answer/166852 a1e0cc1a2514c-98b2f15ef60sm1808917241.12 - gsmtp

	at org.springframework.mail.javamail.JavaMailSenderImpl.doSend(JavaMailSenderImpl.java:440) ~[spring-context-support-7.0.9.jar:7.0.9]
	at org.springframework.mail.javamail.JavaMailSenderImpl.send(JavaMailSenderImpl.java:337) ~[spring-context-support-7.0.9.jar:7.0.9]
	at org.springframework.mail.javamail.JavaMailSender.send(JavaMailSender.java:101) ~[spring-context-support-7.0.9.jar:7.0.9]
	at ingsoftware.zeroshop.service.notification.EmailService.sendHtmlEmail(EmailService.java:89) ~[classes/:na]
	at ingsoftware.zeroshop.service.notification.EmailService.sendOrderReceiptEmail(EmailService.java:216) ~[classes/:na]
	at java.base/jdk.internal.reflect.DirectMethodHandleAccessor.invoke(DirectMethodHandleAccessor.java:104) ~[na:na]
	at java.base/java.lang.reflect.Method.invoke(Method.java:565) ~[na:na]
	at org.springframework.aop.support.AopUtils.invokeJoinpointUsingReflection(AopUtils.java:359) ~[spring-aop-7.0.9.jar:7.0.9]
	at org.springframework.aop.framework.ReflectiveMethodInvocation.invokeJoinpoint(ReflectiveMethodInvocation.java:190) ~[spring-aop-7.0.9.jar:7.0.9]
	at org.springframework.aop.framework.ReflectiveMethodInvocation.proceed(ReflectiveMethodInvocation.java:158) ~[spring-aop-7.0.9.jar:7.0.9]
	at org.springframework.aop.interceptor.AsyncExecutionInterceptor.lambda$invoke$0(AsyncExecutionInterceptor.java:112) ~[spring-aop-7.0.9.jar:7.0.9]
	at java.base/java.util.concurrent.FutureTask.run(FutureTask.java:330) ~[na:na]
	at java.base/java.util.concurrent.ThreadPoolExecutor.runWorker(ThreadPoolExecutor.java:1090) ~[na:na]
	at java.base/java.util.concurrent.ThreadPoolExecutor$Worker.run(ThreadPoolExecutor.java:614) ~[na:na]
	at java.base/java.lang.Thread.run(Thread.java:1516) ~[na:na]

2026-10-02T00:10:20.229-03:00 ERROR 32148 --- [zeroshop] [task-1] i.z.service.notification.EmailService    : Fallo de transporte SMTP al enviar correo HTML a client@gmail.com: Failed messages: org.eclipse.angus.mail.smtp.SMTPSendFailedException: 550-5.4.5 Daily user sending limit exceeded. For more information on Gmail
550-5.4.5 sending limits go to
550 5.4.5  https://support.google.com/a/answer/166852 71dfb90a1353d-5da61112dfesm2139519e0c.4 - gsmtp


org.springframework.mail.MailSendException: Failed messages: org.eclipse.angus.mail.smtp.SMTPSendFailedException: 550-5.4.5 Daily user sending limit exceeded. For more information on Gmail
550-5.4.5 sending limits go to
550 5.4.5  https://support.google.com/a/answer/166852 71dfb90a1353d-5da61112dfesm2139519e0c.4 - gsmtp
; message exceptions (1) are:
Failed message 1: org.eclipse.angus.mail.smtp.SMTPSendFailedException: 550-5.4.5 Daily user sending limit exceeded. For more information on Gmail
550-5.4.5 sending limits go to
550 5.4.5  https://support.google.com/a/answer/166852 71dfb90a1353d-5da61112dfesm2139519e0c.4 - gsmtp

	at org.springframework.mail.javamail.JavaMailSenderImpl.doSend(JavaMailSenderImpl.java:440) ~[spring-context-support-7.0.9.jar:7.0.9]
	at org.springframework.mail.javamail.JavaMailSenderImpl.send(JavaMailSenderImpl.java:337) ~[spring-context-support-7.0.9.jar:7.0.9]
	at org.springframework.mail.javamail.JavaMailSender.send(JavaMailSender.java:101) ~[spring-context-support-7.0.9.jar:7.0.9]
	at ingsoftware.zeroshop.service.notification.EmailService.sendHtmlEmail(EmailService.java:89) ~[classes/:na]
	at ingsoftware.zeroshop.service.notification.EmailService.sendOrderReceiptEmail(EmailService.java:216) ~[classes/:na]
	at java.base/jdk.internal.reflect.DirectMethodHandleAccessor.invoke(DirectMethodHandleAccessor.java:104) ~[na:na]
	at java.base/java.lang.reflect.Method.invoke(Method.java:565) ~[na:na]
	at org.springframework.aop.support.AopUtils.invokeJoinpointUsingReflection(AopUtils.java:359) ~[spring-aop-7.0.9.jar:7.0.9]
	at org.springframework.aop.framework.ReflectiveMethodInvocation.invokeJoinpoint(ReflectiveMethodInvocation.java:190) ~[spring-aop-7.0.9.jar:7.0.9]
	at org.springframework.aop.framework.ReflectiveMethodInvocation.proceed(ReflectiveMethodInvocation.java:158) ~[spring-aop-7.0.9.jar:7.0.9]
	at org.springframework.aop.interceptor.AsyncExecutionInterceptor.lambda$invoke$0(AsyncExecutionInterceptor.java:112) ~[spring-aop-7.0.9.jar:7.0.9]
	at java.base/java.util.concurrent.FutureTask.run(FutureTask.java:330) ~[na:na]
	at java.base/java.util.concurrent.ThreadPoolExecutor.runWorker(ThreadPoolExecutor.java:1090) ~[na:na]
	at java.base/java.util.concurrent.ThreadPoolExecutor$Worker.run(ThreadPoolExecutor.java:614) ~[na:na]
	at java.base/java.lang.Thread.run(Thread.java:1516) ~[na:na]

2026-10-02T00:10:20.232-03:00  INFO 32148 --- [zeroshop] [SpringApplicationShutdownHook] j.LocalContainerEntityManagerFactoryBean : Closing JPA EntityManagerFactory for persistence unit 'default'
2026-10-02T00:10:20.234-03:00  INFO 32148 --- [zeroshop] [SpringApplicationShutdownHook] com.zaxxer.hikari.HikariDataSource       : HikariPool-1 - Shutdown initiated...
2026-10-02T00:10:20.235-03:00  INFO 32148 --- [zeroshop] [SpringApplicationShutdownHook] com.zaxxer.hikari.HikariDataSource       : HikariPool-1 - Shutdown completed.
2026-10-02T00:11:59.963-03:00  INFO 47912 --- [zeroshop] [File Watcher] rtingClassPathChangeChangedEventListener : Restarting due to 26 class path changes (0 additions, 1 deletion, 25 modifications)
2026-10-02T00:11:59.964-03:00  INFO 47912 --- [zeroshop] [Thread-143] o.s.boot.tomcat.GracefulShutdown         : Commencing graceful shutdown. Waiting for active requests to complete
2026-10-02T00:11:59.968-03:00  INFO 47912 --- [zeroshop] [tomcat-shutdown] o.s.boot.tomcat.GracefulShutdown         : Graceful shutdown complete
2026-10-02T00:11:59.969-03:00  INFO 47912 --- [zeroshop] [Thread-143] j.LocalContainerEntityManagerFactoryBean : Closing JPA EntityManagerFactory for persistence unit 'default'
2026-10-02T00:11:59.969-03:00  INFO 47912 --- [zeroshop] [Thread-143] com.zaxxer.hikari.HikariDataSource       : HikariPool-36 - Shutdown initiated...
2026-10-02T00:11:59.970-03:00  INFO 47912 --- [zeroshop] [Thread-143] com.zaxxer.hikari.HikariDataSource       : HikariPool-36 - Shutdown completed.
2026-10-02T00:12:00.054-03:00  INFO 47912 --- [zeroshop] [restartedMain] ingsoftware.zeroshop.ZeroShopApp         : Starting ZeroShopApp using Java 21.0.12.1 with PID 47912 (C:\Users\Lucho\Desktop\zero-shop\target\classes started by Lucho in C:\Users\Lucho\Desktop\zero-shop)
2026-10-02T00:12:00.054-03:00  INFO 47912 --- [zeroshop] [restartedMain] ingsoftware.zeroshop.ZeroShopApp         : No active profile set, falling back to 1 default profile: "default"
2026-10-02T00:12:00.224-03:00  INFO 47912 --- [zeroshop] [restartedMain] .s.d.r.c.RepositoryConfigurationDelegate : Bootstrapping Spring Data JPA repositories in DEFAULT mode.
2026-10-02T00:12:00.254-03:00  INFO 47912 --- [zeroshop] [restartedMain] .s.d.r.c.RepositoryConfigurationDelegate : Finished Spring Data repository scanning in 29 ms. Found 29 JPA repository interfaces.
2026-10-02T00:12:00.297-03:00  INFO 47912 --- [zeroshop] [restartedMain] o.s.boot.tomcat.TomcatWebServer          : Tomcat initialized with port 8080 (http)
2026-10-02T00:12:00.297-03:00  INFO 47912 --- [zeroshop] [restartedMain] o.apache.catalina.core.StandardService   : Starting service [Tomcat]
2026-10-02T00:12:00.297-03:00  INFO 47912 --- [zeroshop] [restartedMain] o.apache.catalina.core.StandardEngine    : Starting Servlet engine: [Apache Tomcat/11.0.24]
2026-10-02T00:12:00.316-03:00  INFO 47912 --- [zeroshop] [restartedMain] b.w.c.s.WebApplicationContextInitializer : Root WebApplicationContext: initialization completed in 261 ms
2026-10-02T00:12:00.340-03:00  INFO 47912 --- [zeroshop] [restartedMain] org.hibernate.orm.jpa                    : HHH008540: Processing PersistenceUnitInfo [name: default]
2026-10-02T00:12:00.353-03:00  INFO 47912 --- [zeroshop] [restartedMain] o.s.o.j.p.SpringPersistenceUnitInfo      : No LoadTimeWeaver setup: ignoring JPA class transformer
2026-10-02T00:12:00.354-03:00  INFO 47912 --- [zeroshop] [restartedMain] com.zaxxer.hikari.HikariDataSource       : HikariPool-37 - Starting...
2026-10-02T00:12:00.378-03:00  INFO 47912 --- [zeroshop] [restartedMain] com.zaxxer.hikari.pool.HikariPool        : HikariPool-37 - Added connection org.postgresql.jdbc.PgConnection@9712047
2026-10-02T00:12:00.378-03:00  INFO 47912 --- [zeroshop] [restartedMain] com.zaxxer.hikari.HikariDataSource       : HikariPool-37 - Start completed.
2026-10-02T00:12:00.383-03:00  WARN 47912 --- [zeroshop] [restartedMain] org.hibernate.orm.deprecation            : HHH90000025: PostgreSQLDialect does not need to be specified explicitly using 'hibernate.dialect' (remove the property setting and it will be selected by default)
2026-10-02T00:12:00.386-03:00  INFO 47912 --- [zeroshop] [restartedMain] org.hibernate.orm.connections.pooling    : HHH10001005: Database info:
	Database JDBC URL [jdbc:postgresql://localhost:5432/zero-shop?currentSchema=public]
	Database driver: PostgreSQL JDBC Driver
	Database dialect: PostgreSQLDialect
	Database version: 18.6
	Default catalog/schema: zero-shop/public
	Autocommit mode: undefined/unknown
	Isolation level: READ_COMMITTED [default READ_COMMITTED]
	JDBC fetch size: none
	Pool: DataSourceConnectionProvider
	Minimum pool size: undefined/unknown
	Maximum pool size: undefined/unknown
2026-10-02T00:12:00.507-03:00  INFO 47912 --- [zeroshop] [restartedMain] org.hibernate.orm.core                   : HHH000489: No JTA platform available (set 'hibernate.transaction.jta.platform' to enable JTA platform integration)
2026-10-02T00:12:00.539-03:00  INFO 47912 --- [zeroshop] [restartedMain] j.LocalContainerEntityManagerFactoryBean : Initialized JPA EntityManagerFactory for persistence unit 'default'
2026-10-02T00:12:00.679-03:00  INFO 47912 --- [zeroshop] [restartedMain] ingsoftware.zeroshop.config.MailConfig   : JavaMailSender configurado exitosamente para la cuenta SMTP: juancruz.ambrosini2@gmail.com
2026-10-02T00:12:00.697-03:00  INFO 47912 --- [zeroshop] [restartedMain] i.z.s.transaction.MercadoPagoService     : Mercado Pago SDK inicializado correctamente.
2026-10-02T00:12:00.717-03:00  INFO 47912 --- [zeroshop] [restartedMain] i.z.service.storage.FileStorageService   : Directorio de almacenamiento de archivos inicializado en: C:\Users\Lucho\Desktop\zero-shop\uploads\products
2026-10-02T00:12:00.751-03:00  INFO 47912 --- [zeroshop] [restartedMain] r$InitializeUserDetailsManagerConfigurer : Global AuthenticationManager configured with UserDetailsService bean with name customUserDetailsService
2026-10-02T00:12:00.816-03:00  INFO 47912 --- [zeroshop] [restartedMain] o.s.b.d.a.OptionalLiveReloadServer       : LiveReload server is running on port 35729
2026-10-02T00:12:00.822-03:00  INFO 47912 --- [zeroshop] [restartedMain] o.s.boot.tomcat.TomcatWebServer          : Tomcat started on port 8080 (http) with context path '/'
2026-10-02T00:12:00.823-03:00  INFO 47912 --- [zeroshop] [restartedMain] ingsoftware.zeroshop.ZeroShopApp         : Started ZeroShopApp in 0.78 seconds (process running for 4443.767)
2026-10-02T00:12:00.825-03:00  INFO 47912 --- [zeroshop] [restartedMain] i.z.config.DatabaseMigrationRunner       : Restricción orders_status_check verificada y eliminada para permitir nuevos estados de pedido.
2026-10-02T00:12:00.827-03:00  INFO 47912 --- [zeroshop] [restartedMain] i.z.config.DatabaseMigrationRunner       : Columna orders.payment_method verificada y sincronizada.
2026-10-02T00:12:00.827-03:00  INFO 47912 --- [zeroshop] [restartedMain] i.z.config.DatabaseMigrationRunner       : Columna sale_orders.office_id verificada para permitir null en estado ON_CART.
2026-10-02T00:12:00.829-03:00  INFO 47912 --- [zeroshop] [restartedMain] i.z.config.DatabaseMigrationRunner       : Restricción única de users.person_id eliminada para permitir múltiples usuarios por persona.
2026-10-02T00:12:00.833-03:00  INFO 47912 --- [zeroshop] [restartedMain] i.z.config.DatabaseMigrationRunner       : Restricción sale_orders.client_id actualizada para referenciar persons(id).
2026-10-02T00:12:00.834-03:00  INFO 47912 --- [zeroshop] [restartedMain] i.z.config.DatabaseMigrationRunner       : Tabla person_addresses actualizada para permitir inserción de join table.
2026-10-02T00:12:00.834-03:00  INFO 47912 --- [zeroshop] [restartedMain] i.z.config.DatabaseMigrationRunner       : Tabla person_contacts actualizada para permitir inserción de join table.
2026-10-02T00:12:00.835-03:00  INFO 47912 --- [zeroshop] [restartedMain] i.z.config.DatabaseMigrationRunner       : Tabla supplier_addresses actualizada para permitir inserción de join table.
2026-10-02T00:12:00.835-03:00  INFO 47912 --- [zeroshop] [restartedMain] i.z.config.DatabaseMigrationRunner       : Tabla supplier_contacts actualizada para permitir inserción de join table.
2026-10-02T00:12:00.836-03:00  INFO 47912 --- [zeroshop] [restartedMain] i.z.config.DatabaseMigrationRunner       : Tabla pending_registrations verificada o creada con éxito.
2026-10-02T00:12:00.859-03:00  INFO 47912 --- [zeroshop] [restartedMain] i.zeroshop.config.DataInitializer        : La base de datos ya contiene datos registrados. Omitiendo repoblación automática.
2026-10-02T00:12:00.873-03:00  INFO 47912 --- [zeroshop] [restartedMain] i.zeroshop.config.DataInitializer        : Imágenes y nombres del catálogo inicial sincronizados con éxito desde products.json.
2026-10-02T00:12:00.873-03:00  INFO 47912 --- [zeroshop] [restartedMain] .ConditionEvaluationDeltaLoggingListener : Condition evaluation unchanged
2026-10-02T00:12:09.629-03:00  INFO 47912 --- [zeroshop] [File Watcher] rtingClassPathChangeChangedEventListener : Restarting due to 25 class path changes (0 additions, 0 deletions, 25 modifications)
2026-10-02T00:12:09.630-03:00  INFO 47912 --- [zeroshop] [Thread-147] o.s.boot.tomcat.GracefulShutdown         : Commencing graceful shutdown. Waiting for active requests to complete
2026-10-02T00:12:09.633-03:00  INFO 47912 --- [zeroshop] [tomcat-shutdown] o.s.boot.tomcat.GracefulShutdown         : Graceful shutdown complete
2026-10-02T00:12:09.635-03:00  INFO 47912 --- [zeroshop] [Thread-147] j.LocalContainerEntityManagerFactoryBean : Closing JPA EntityManagerFactory for persistence unit 'default'
2026-10-02T00:12:09.635-03:00  INFO 47912 --- [zeroshop] [Thread-147] com.zaxxer.hikari.HikariDataSource       : HikariPool-37 - Shutdown initiated...
2026-10-02T00:12:09.636-03:00  INFO 47912 --- [zeroshop] [Thread-147] com.zaxxer.hikari.HikariDataSource       : HikariPool-37 - Shutdown completed.
2026-10-02T00:12:09.717-03:00  INFO 47912 --- [zeroshop] [restartedMain] ingsoftware.zeroshop.ZeroShopApp         : Starting ZeroShopApp using Java 21.0.12.1 with PID 47912 (C:\Users\Lucho\Desktop\zero-shop\target\classes started by Lucho in C:\Users\Lucho\Desktop\zero-shop)
2026-10-02T00:12:09.717-03:00  INFO 47912 --- [zeroshop] [restartedMain] ingsoftware.zeroshop.ZeroShopApp         : No active profile set, falling back to 1 default profile: "default"
2026-10-02T00:12:09.927-03:00  INFO 47912 --- [zeroshop] [restartedMain] .s.d.r.c.RepositoryConfigurationDelegate : Bootstrapping Spring Data JPA repositories in DEFAULT mode.
2026-10-02T00:12:09.960-03:00  INFO 47912 --- [zeroshop] [restartedMain] .s.d.r.c.RepositoryConfigurationDelegate : Finished Spring Data repository scanning in 32 ms. Found 29 JPA repository interfaces.
2026-10-02T00:12:10.004-03:00  INFO 47912 --- [zeroshop] [restartedMain] o.s.boot.tomcat.TomcatWebServer          : Tomcat initialized with port 8080 (http)
2026-10-02T00:12:10.004-03:00  INFO 47912 --- [zeroshop] [restartedMain] o.apache.catalina.core.StandardService   : Starting service [Tomcat]
2026-10-02T00:12:10.005-03:00  INFO 47912 --- [zeroshop] [restartedMain] o.apache.catalina.core.StandardEngine    : Starting Servlet engine: [Apache Tomcat/11.0.24]
2026-10-02T00:12:10.022-03:00  INFO 47912 --- [zeroshop] [restartedMain] b.w.c.s.WebApplicationContextInitializer : Root WebApplicationContext: initialization completed in 303 ms
2026-10-02T00:12:10.045-03:00  INFO 47912 --- [zeroshop] [restartedMain] org.hibernate.orm.jpa                    : HHH008540: Processing PersistenceUnitInfo [name: default]
2026-10-02T00:12:10.060-03:00  INFO 47912 --- [zeroshop] [restartedMain] o.s.o.j.p.SpringPersistenceUnitInfo      : No LoadTimeWeaver setup: ignoring JPA class transformer
2026-10-02T00:12:10.060-03:00  INFO 47912 --- [zeroshop] [restartedMain] com.zaxxer.hikari.HikariDataSource       : HikariPool-38 - Starting...
2026-10-02T00:12:10.083-03:00  INFO 47912 --- [zeroshop] [restartedMain] com.zaxxer.hikari.pool.HikariPool        : HikariPool-38 - Added connection org.postgresql.jdbc.PgConnection@4a7e72a2
2026-10-02T00:12:10.084-03:00  INFO 47912 --- [zeroshop] [restartedMain] com.zaxxer.hikari.HikariDataSource       : HikariPool-38 - Start completed.
2026-10-02T00:12:10.088-03:00  WARN 47912 --- [zeroshop] [restartedMain] org.hibernate.orm.deprecation            : HHH90000025: PostgreSQLDialect does not need to be specified explicitly using 'hibernate.dialect' (remove the property setting and it will be selected by default)
2026-10-02T00:12:10.092-03:00  INFO 47912 --- [zeroshop] [restartedMain] org.hibernate.orm.connections.pooling    : HHH10001005: Database info:
	Database JDBC URL [jdbc:postgresql://localhost:5432/zero-shop?currentSchema=public]
	Database driver: PostgreSQL JDBC Driver
	Database dialect: PostgreSQLDialect
	Database version: 18.6
	Default catalog/schema: zero-shop/public
	Autocommit mode: undefined/unknown
	Isolation level: READ_COMMITTED [default READ_COMMITTED]
	JDBC fetch size: none
	Pool: DataSourceConnectionProvider
	Minimum pool size: undefined/unknown
	Maximum pool size: undefined/unknown
2026-10-02T00:12:10.226-03:00  INFO 47912 --- [zeroshop] [restartedMain] org.hibernate.orm.core                   : HHH000489: No JTA platform available (set 'hibernate.transaction.jta.platform' to enable JTA platform integration)
2026-10-02T00:12:10.258-03:00  INFO 47912 --- [zeroshop] [restartedMain] j.LocalContainerEntityManagerFactoryBean : Initialized JPA EntityManagerFactory for persistence unit 'default'
2026-10-02T00:12:10.412-03:00  INFO 47912 --- [zeroshop] [restartedMain] ingsoftware.zeroshop.config.MailConfig   : JavaMailSender configurado exitosamente para la cuenta SMTP: juancruz.ambrosini2@gmail.com
2026-10-02T00:12:10.430-03:00  INFO 47912 --- [zeroshop] [restartedMain] i.z.s.transaction.MercadoPagoService     : Mercado Pago SDK inicializado correctamente.
2026-10-02T00:12:10.450-03:00  INFO 47912 --- [zeroshop] [restartedMain] i.z.service.storage.FileStorageService   : Directorio de almacenamiento de archivos inicializado en: C:\Users\Lucho\Desktop\zero-shop\uploads\products
2026-10-02T00:12:10.486-03:00  INFO 47912 --- [zeroshop] [restartedMain] r$InitializeUserDetailsManagerConfigurer : Global AuthenticationManager configured with UserDetailsService bean with name customUserDetailsService
2026-10-02T00:12:10.550-03:00  INFO 47912 --- [zeroshop] [restartedMain] o.s.b.d.a.OptionalLiveReloadServer       : LiveReload server is running on port 35729
2026-10-02T00:12:10.556-03:00  INFO 47912 --- [zeroshop] [restartedMain] o.s.boot.tomcat.TomcatWebServer          : Tomcat started on port 8080 (http) with context path '/'
2026-10-02T00:12:10.558-03:00  INFO 47912 --- [zeroshop] [restartedMain] ingsoftware.zeroshop.ZeroShopApp         : Started ZeroShopApp in 0.852 seconds (process running for 4453.502)
2026-10-02T00:12:10.583-03:00  INFO 47912 --- [zeroshop] [restartedMain] i.zeroshop.config.DataInitializer        : La base de datos ya contiene datos registrados. Omitiendo repoblación automática.
2026-10-02T00:12:10.596-03:00  INFO 47912 --- [zeroshop] [restartedMain] i.zeroshop.config.DataInitializer        : Imágenes y nombres del catálogo inicial sincronizados con éxito desde products.json.
2026-10-02T00:12:10.598-03:00  INFO 47912 --- [zeroshop] [restartedMain] i.z.config.DatabaseMigrationRunner       : Restricción orders_status_check verificada y eliminada para permitir nuevos estados de pedido.
2026-10-02T00:12:10.600-03:00  INFO 47912 --- [zeroshop] [restartedMain] i.z.config.DatabaseMigrationRunner       : Columna orders.payment_method verificada y sincronizada.
2026-10-02T00:12:10.600-03:00  INFO 47912 --- [zeroshop] [restartedMain] i.z.config.DatabaseMigrationRunner       : Columna sale_orders.office_id verificada para permitir null en estado ON_CART.
2026-10-02T00:12:10.601-03:00  INFO 47912 --- [zeroshop] [restartedMain] i.z.config.DatabaseMigrationRunner       : Restricción única de users.person_id eliminada para permitir múltiples usuarios por persona.
2026-10-02T00:12:10.604-03:00  INFO 47912 --- [zeroshop] [restartedMain] i.z.config.DatabaseMigrationRunner       : Restricción sale_orders.client_id actualizada para referenciar persons(id).
2026-10-02T00:12:10.605-03:00  INFO 47912 --- [zeroshop] [restartedMain] i.z.config.DatabaseMigrationRunner       : Tabla person_addresses actualizada para permitir inserción de join table.
2026-10-02T00:12:10.605-03:00  INFO 47912 --- [zeroshop] [restartedMain] i.z.config.DatabaseMigrationRunner       : Tabla person_contacts actualizada para permitir inserción de join table.
2026-10-02T00:12:10.606-03:00  INFO 47912 --- [zeroshop] [restartedMain] i.z.config.DatabaseMigrationRunner       : Tabla supplier_addresses actualizada para permitir inserción de join table.
2026-10-02T00:12:10.606-03:00  INFO 47912 --- [zeroshop] [restartedMain] i.z.config.DatabaseMigrationRunner       : Tabla supplier_contacts actualizada para permitir inserción de join table.
2026-10-02T00:12:10.606-03:00  INFO 47912 --- [zeroshop] [restartedMain] i.z.config.DatabaseMigrationRunner       : Tabla pending_registrations verificada o creada con éxito.
2026-10-02T00:12:10.607-03:00  INFO 47912 --- [zeroshop] [restartedMain] .ConditionEvaluationDeltaLoggingListener : Condition evaluation unchanged
2026-10-02T00:12:19.409-03:00  INFO 47912 --- [zeroshop] [File Watcher] rtingClassPathChangeChangedEventListener : Restarting due to 25 class path changes (0 additions, 1 deletion, 24 modifications)
2026-10-02T00:12:19.410-03:00  INFO 47912 --- [zeroshop] [Thread-151] o.s.boot.tomcat.GracefulShutdown         : Commencing graceful shutdown. Waiting for active requests to complete
2026-10-02T00:12:19.413-03:00  INFO 47912 --- [zeroshop] [tomcat-shutdown] o.s.boot.tomcat.GracefulShutdown         : Graceful shutdown complete
2026-10-02T00:12:19.414-03:00  INFO 47912 --- [zeroshop] [Thread-151] j.LocalContainerEntityManagerFactoryBean : Closing JPA EntityManagerFactory for persistence unit 'default'
2026-10-02T00:12:19.414-03:00  INFO 47912 --- [zeroshop] [Thread-151] com.zaxxer.hikari.HikariDataSource       : HikariPool-38 - Shutdown initiated...
2026-10-02T00:12:19.415-03:00  INFO 47912 --- [zeroshop] [Thread-151] com.zaxxer.hikari.HikariDataSource       : HikariPool-38 - Shutdown completed.
2026-10-02T00:12:19.499-03:00  INFO 47912 --- [zeroshop] [restartedMain] ingsoftware.zeroshop.ZeroShopApp         : Starting ZeroShopApp using Java 21.0.12.1 with PID 47912 (C:\Users\Lucho\Desktop\zero-shop\target\classes started by Lucho in C:\Users\Lucho\Desktop\zero-shop)
2026-10-02T00:12:19.500-03:00  INFO 47912 --- [zeroshop] [restartedMain] ingsoftware.zeroshop.ZeroShopApp         : No active profile set, falling back to 1 default profile: "default"
2026-10-02T00:12:19.629-03:00  INFO 47912 --- [zeroshop] [restartedMain] .s.d.r.c.RepositoryConfigurationDelegate : Bootstrapping Spring Data JPA repositories in DEFAULT mode.
2026-10-02T00:12:19.664-03:00  INFO 47912 --- [zeroshop] [restartedMain] .s.d.r.c.RepositoryConfigurationDelegate : Finished Spring Data repository scanning in 34 ms. Found 29 JPA repository interfaces.
2026-10-02T00:12:19.696-03:00  INFO 47912 --- [zeroshop] [restartedMain] o.s.boot.tomcat.TomcatWebServer          : Tomcat initialized with port 8080 (http)
2026-10-02T00:12:19.698-03:00  INFO 47912 --- [zeroshop] [restartedMain] o.apache.catalina.core.StandardService   : Starting service [Tomcat]
2026-10-02T00:12:19.698-03:00  INFO 47912 --- [zeroshop] [restartedMain] o.apache.catalina.core.StandardEngine    : Starting Servlet engine: [Apache Tomcat/11.0.24]
2026-10-02T00:12:19.714-03:00  INFO 47912 --- [zeroshop] [restartedMain] b.w.c.s.WebApplicationContextInitializer : Root WebApplicationContext: initialization completed in 213 ms
2026-10-02T00:12:19.739-03:00  INFO 47912 --- [zeroshop] [restartedMain] org.hibernate.orm.jpa                    : HHH008540: Processing PersistenceUnitInfo [name: default]
2026-10-02T00:12:19.752-03:00  INFO 47912 --- [zeroshop] [restartedMain] o.s.o.j.p.SpringPersistenceUnitInfo      : No LoadTimeWeaver setup: ignoring JPA class transformer
2026-10-02T00:12:19.753-03:00  INFO 47912 --- [zeroshop] [restartedMain] com.zaxxer.hikari.HikariDataSource       : HikariPool-39 - Starting...
2026-10-02T00:12:19.774-03:00  INFO 47912 --- [zeroshop] [restartedMain] com.zaxxer.hikari.pool.HikariPool        : HikariPool-39 - Added connection org.postgresql.jdbc.PgConnection@7bf57569
2026-10-02T00:12:19.774-03:00  INFO 47912 --- [zeroshop] [restartedMain] com.zaxxer.hikari.HikariDataSource       : HikariPool-39 - Start completed.
2026-10-02T00:12:19.778-03:00  WARN 47912 --- [zeroshop] [restartedMain] org.hibernate.orm.deprecation            : HHH90000025: PostgreSQLDialect does not need to be specified explicitly using 'hibernate.dialect' (remove the property setting and it will be selected by default)
2026-10-02T00:12:19.782-03:00  INFO 47912 --- [zeroshop] [restartedMain] org.hibernate.orm.connections.pooling    : HHH10001005: Database info:
	Database JDBC URL [jdbc:postgresql://localhost:5432/zero-shop?currentSchema=public]
	Database driver: PostgreSQL JDBC Driver
	Database dialect: PostgreSQLDialect
	Database version: 18.6
	Default catalog/schema: zero-shop/public
	Autocommit mode: undefined/unknown
	Isolation level: READ_COMMITTED [default READ_COMMITTED]
	JDBC fetch size: none
	Pool: DataSourceConnectionProvider
	Minimum pool size: undefined/unknown
	Maximum pool size: undefined/unknown
2026-10-02T00:12:19.878-03:00  INFO 47912 --- [zeroshop] [restartedMain] org.hibernate.orm.core                   : HHH000489: No JTA platform available (set 'hibernate.transaction.jta.platform' to enable JTA platform integration)
2026-10-02T00:12:19.909-03:00  INFO 47912 --- [zeroshop] [restartedMain] j.LocalContainerEntityManagerFactoryBean : Initialized JPA EntityManagerFactory for persistence unit 'default'
2026-10-02T00:12:20.059-03:00  INFO 47912 --- [zeroshop] [restartedMain] ingsoftware.zeroshop.config.MailConfig   : JavaMailSender configurado exitosamente para la cuenta SMTP: juancruz.ambrosini2@gmail.com
2026-10-02T00:12:20.082-03:00  INFO 47912 --- [zeroshop] [restartedMain] i.z.s.transaction.MercadoPagoService     : Mercado Pago SDK inicializado correctamente.
2026-10-02T00:12:20.104-03:00  INFO 47912 --- [zeroshop] [restartedMain] i.z.service.storage.FileStorageService   : Directorio de almacenamiento de archivos inicializado en: C:\Users\Lucho\Desktop\zero-shop\uploads\products
2026-10-02T00:12:20.140-03:00  INFO 47912 --- [zeroshop] [restartedMain] r$InitializeUserDetailsManagerConfigurer : Global AuthenticationManager configured with UserDetailsService bean with name customUserDetailsService
2026-10-02T00:12:20.205-03:00  INFO 47912 --- [zeroshop] [restartedMain] o.s.b.d.a.OptionalLiveReloadServer       : LiveReload server is running on port 35729
2026-10-02T00:12:20.211-03:00  INFO 47912 --- [zeroshop] [restartedMain] o.s.boot.tomcat.TomcatWebServer          : Tomcat started on port 8080 (http) with context path '/'
2026-10-02T00:12:20.212-03:00  INFO 47912 --- [zeroshop] [restartedMain] ingsoftware.zeroshop.ZeroShopApp         : Started ZeroShopApp in 0.724 seconds (process running for 4463.157)
2026-10-02T00:12:20.233-03:00  INFO 47912 --- [zeroshop] [restartedMain] i.zeroshop.config.DataInitializer        : La base de datos ya contiene datos registrados. Omitiendo repoblación automática.
2026-10-02T00:12:20.246-03:00  INFO 47912 --- [zeroshop] [restartedMain] i.zeroshop.config.DataInitializer        : Imágenes y nombres del catálogo inicial sincronizados con éxito desde products.json.
2026-10-02T00:12:20.248-03:00  INFO 47912 --- [zeroshop] [restartedMain] i.z.config.DatabaseMigrationRunner       : Restricción orders_status_check verificada y eliminada para permitir nuevos estados de pedido.
2026-10-02T00:12:20.250-03:00  INFO 47912 --- [zeroshop] [restartedMain] i.z.config.DatabaseMigrationRunner       : Columna orders.payment_method verificada y sincronizada.
2026-10-02T00:12:20.250-03:00  INFO 47912 --- [zeroshop] [restartedMain] i.z.config.DatabaseMigrationRunner       : Columna sale_orders.office_id verificada para permitir null en estado ON_CART.
2026-10-02T00:12:20.252-03:00  INFO 47912 --- [zeroshop] [restartedMain] i.z.config.DatabaseMigrationRunner       : Restricción única de users.person_id eliminada para permitir múltiples usuarios por persona.
2026-10-02T00:12:20.255-03:00  INFO 47912 --- [zeroshop] [restartedMain] i.z.config.DatabaseMigrationRunner       : Restricción sale_orders.client_id actualizada para referenciar persons(id).
2026-10-02T00:12:20.256-03:00  INFO 47912 --- [zeroshop] [restartedMain] i.z.config.DatabaseMigrationRunner       : Tabla person_addresses actualizada para permitir inserción de join table.
2026-10-02T00:12:20.257-03:00  INFO 47912 --- [zeroshop] [restartedMain] i.z.config.DatabaseMigrationRunner       : Tabla person_contacts actualizada para permitir inserción de join table.
2026-10-02T00:12:20.257-03:00  INFO 47912 --- [zeroshop] [restartedMain] i.z.config.DatabaseMigrationRunner       : Tabla supplier_addresses actualizada para permitir inserción de join table.
2026-10-02T00:12:20.258-03:00  INFO 47912 --- [zeroshop] [restartedMain] i.z.config.DatabaseMigrationRunner       : Tabla supplier_contacts actualizada para permitir inserción de join table.
2026-10-02T00:12:20.258-03:00  INFO 47912 --- [zeroshop] [restartedMain] i.z.config.DatabaseMigrationRunner       : Tabla pending_registrations verificada o creada con éxito.
2026-10-02T00:12:20.258-03:00  INFO 47912 --- [zeroshop] [restartedMain] .ConditionEvaluationDeltaLoggingListener : Condition evaluation unchanged
2026-10-02T00:12:30.526-03:00  INFO 47912 --- [zeroshop] [File Watcher] rtingClassPathChangeChangedEventListener : Restarting due to 24 class path changes (0 additions, 1 deletion, 23 modifications)
2026-10-02T00:12:30.528-03:00  INFO 47912 --- [zeroshop] [Thread-155] o.s.boot.tomcat.GracefulShutdown         : Commencing graceful shutdown. Waiting for active requests to complete
2026-10-02T00:12:30.532-03:00  INFO 47912 --- [zeroshop] [tomcat-shutdown] o.s.boot.tomcat.GracefulShutdown         : Graceful shutdown complete
2026-10-02T00:12:30.533-03:00  INFO 47912 --- [zeroshop] [Thread-155] j.LocalContainerEntityManagerFactoryBean : Closing JPA EntityManagerFactory for persistence unit 'default'
2026-10-02T00:12:30.533-03:00  INFO 47912 --- [zeroshop] [Thread-155] com.zaxxer.hikari.HikariDataSource       : HikariPool-39 - Shutdown initiated...
2026-10-02T00:12:30.534-03:00  INFO 47912 --- [zeroshop] [Thread-155] com.zaxxer.hikari.HikariDataSource       : HikariPool-39 - Shutdown completed.
2026-10-02T00:12:30.619-03:00  INFO 47912 --- [zeroshop] [restartedMain] ingsoftware.zeroshop.ZeroShopApp         : Starting ZeroShopApp using Java 21.0.12.1 with PID 47912 (C:\Users\Lucho\Desktop\zero-shop\target\classes started by Lucho in C:\Users\Lucho\Desktop\zero-shop)
2026-10-02T00:12:30.619-03:00  INFO 47912 --- [zeroshop] [restartedMain] ingsoftware.zeroshop.ZeroShopApp         : No active profile set, falling back to 1 default profile: "default"
2026-10-02T00:12:30.801-03:00  INFO 47912 --- [zeroshop] [restartedMain] .s.d.r.c.RepositoryConfigurationDelegate : Bootstrapping Spring Data JPA repositories in DEFAULT mode.
2026-10-02T00:12:30.836-03:00  INFO 47912 --- [zeroshop] [restartedMain] .s.d.r.c.RepositoryConfigurationDelegate : Finished Spring Data repository scanning in 33 ms. Found 29 JPA repository interfaces.
2026-10-02T00:12:30.876-03:00  INFO 47912 --- [zeroshop] [restartedMain] o.s.boot.tomcat.TomcatWebServer          : Tomcat initialized with port 8080 (http)
2026-10-02T00:12:30.877-03:00  INFO 47912 --- [zeroshop] [restartedMain] o.apache.catalina.core.StandardService   : Starting service [Tomcat]
2026-10-02T00:12:30.877-03:00  INFO 47912 --- [zeroshop] [restartedMain] o.apache.catalina.core.StandardEngine    : Starting Servlet engine: [Apache Tomcat/11.0.24]
2026-10-02T00:12:30.896-03:00  INFO 47912 --- [zeroshop] [restartedMain] b.w.c.s.WebApplicationContextInitializer : Root WebApplicationContext: initialization completed in 276 ms
2026-10-02T00:12:30.920-03:00  INFO 47912 --- [zeroshop] [restartedMain] org.hibernate.orm.jpa                    : HHH008540: Processing PersistenceUnitInfo [name: default]
2026-10-02T00:12:30.933-03:00  INFO 47912 --- [zeroshop] [restartedMain] o.s.o.j.p.SpringPersistenceUnitInfo      : No LoadTimeWeaver setup: ignoring JPA class transformer
2026-10-02T00:12:30.933-03:00  INFO 47912 --- [zeroshop] [restartedMain] com.zaxxer.hikari.HikariDataSource       : HikariPool-40 - Starting...
2026-10-02T00:12:30.957-03:00  INFO 47912 --- [zeroshop] [restartedMain] com.zaxxer.hikari.pool.HikariPool        : HikariPool-40 - Added connection org.postgresql.jdbc.PgConnection@1a483295
2026-10-02T00:12:30.957-03:00  INFO 47912 --- [zeroshop] [restartedMain] com.zaxxer.hikari.HikariDataSource       : HikariPool-40 - Start completed.
2026-10-02T00:12:30.961-03:00  WARN 47912 --- [zeroshop] [restartedMain] org.hibernate.orm.deprecation            : HHH90000025: PostgreSQLDialect does not need to be specified explicitly using 'hibernate.dialect' (remove the property setting and it will be selected by default)
2026-10-02T00:12:30.965-03:00  INFO 47912 --- [zeroshop] [restartedMain] org.hibernate.orm.connections.pooling    : HHH10001005: Database info:
	Database JDBC URL [jdbc:postgresql://localhost:5432/zero-shop?currentSchema=public]
	Database driver: PostgreSQL JDBC Driver
	Database dialect: PostgreSQLDialect
	Database version: 18.6
	Default catalog/schema: zero-shop/public
	Autocommit mode: undefined/unknown
	Isolation level: READ_COMMITTED [default READ_COMMITTED]
	JDBC fetch size: none
	Pool: DataSourceConnectionProvider
	Minimum pool size: undefined/unknown
	Maximum pool size: undefined/unknown
2026-10-02T00:12:31.101-03:00  INFO 47912 --- [zeroshop] [restartedMain] org.hibernate.orm.core                   : HHH000489: No JTA platform available (set 'hibernate.transaction.jta.platform' to enable JTA platform integration)
2026-10-02T00:12:31.135-03:00  INFO 47912 --- [zeroshop] [restartedMain] j.LocalContainerEntityManagerFactoryBean : Initialized JPA EntityManagerFactory for persistence unit 'default'
2026-10-02T00:12:31.324-03:00  INFO 47912 --- [zeroshop] [restartedMain] ingsoftware.zeroshop.config.MailConfig   : JavaMailSender configurado exitosamente para la cuenta SMTP: juancruz.ambrosini2@gmail.com
2026-10-02T00:12:31.342-03:00  INFO 47912 --- [zeroshop] [restartedMain] i.z.s.transaction.MercadoPagoService     : Mercado Pago SDK inicializado correctamente.
2026-10-02T00:12:31.364-03:00  INFO 47912 --- [zeroshop] [restartedMain] i.z.service.storage.FileStorageService   : Directorio de almacenamiento de archivos inicializado en: C:\Users\Lucho\Desktop\zero-shop\uploads\products
2026-10-02T00:12:31.392-03:00  INFO 47912 --- [zeroshop] [restartedMain] r$InitializeUserDetailsManagerConfigurer : Global AuthenticationManager configured with UserDetailsService bean with name customUserDetailsService
2026-10-02T00:12:31.459-03:00  INFO 47912 --- [zeroshop] [restartedMain] o.s.b.d.a.OptionalLiveReloadServer       : LiveReload server is running on port 35729
2026-10-02T00:12:31.465-03:00  INFO 47912 --- [zeroshop] [restartedMain] o.s.boot.tomcat.TomcatWebServer          : Tomcat started on port 8080 (http) with context path '/'
2026-10-02T00:12:31.466-03:00  INFO 47912 --- [zeroshop] [restartedMain] ingsoftware.zeroshop.ZeroShopApp         : Started ZeroShopApp in 0.858 seconds (process running for 4474.41)
2026-10-02T00:12:31.489-03:00  INFO 47912 --- [zeroshop] [restartedMain] i.zeroshop.config.DataInitializer        : La base de datos ya contiene datos registrados. Omitiendo repoblación automática.
2026-10-02T00:12:31.503-03:00  INFO 47912 --- [zeroshop] [restartedMain] i.zeroshop.config.DataInitializer        : Imágenes y nombres del catálogo inicial sincronizados con éxito desde products.json.
2026-10-02T00:12:31.504-03:00  INFO 47912 --- [zeroshop] [restartedMain] i.z.config.DatabaseMigrationRunner       : Restricción orders_status_check verificada y eliminada para permitir nuevos estados de pedido.
2026-10-02T00:12:31.507-03:00  INFO 47912 --- [zeroshop] [restartedMain] i.z.config.DatabaseMigrationRunner       : Columna orders.payment_method verificada y sincronizada.
2026-10-02T00:12:31.507-03:00  INFO 47912 --- [zeroshop] [restartedMain] i.z.config.DatabaseMigrationRunner       : Columna sale_orders.office_id verificada para permitir null en estado ON_CART.
2026-10-02T00:12:31.508-03:00  INFO 47912 --- [zeroshop] [restartedMain] i.z.config.DatabaseMigrationRunner       : Restricción única de users.person_id eliminada para permitir múltiples usuarios por persona.
2026-10-02T00:12:31.512-03:00  INFO 47912 --- [zeroshop] [restartedMain] i.z.config.DatabaseMigrationRunner       : Restricción sale_orders.client_id actualizada para referenciar persons(id).
2026-10-02T00:12:31.512-03:00  INFO 47912 --- [zeroshop] [restartedMain] i.z.config.DatabaseMigrationRunner       : Tabla person_addresses actualizada para permitir inserción de join table.
2026-10-02T00:12:31.513-03:00  INFO 47912 --- [zeroshop] [restartedMain] i.z.config.DatabaseMigrationRunner       : Tabla person_contacts actualizada para permitir inserción de join table.
2026-10-02T00:12:31.514-03:00  INFO 47912 --- [zeroshop] [restartedMain] i.z.config.DatabaseMigrationRunner       : Tabla supplier_addresses actualizada para permitir inserción de join table.
2026-10-02T00:12:31.514-03:00  INFO 47912 --- [zeroshop] [restartedMain] i.z.config.DatabaseMigrationRunner       : Tabla supplier_contacts actualizada para permitir inserción de join table.
2026-10-02T00:12:31.515-03:00  INFO 47912 --- [zeroshop] [restartedMain] i.z.config.DatabaseMigrationRunner       : Tabla pending_registrations verificada o creada con éxito.
2026-10-02T00:12:31.515-03:00  INFO 47912 --- [zeroshop] [restartedMain] .ConditionEvaluationDeltaLoggingListener : Condition evaluation unchanged
2026-10-02T00:12:41.342-03:00  INFO 47912 --- [zeroshop] [File Watcher] rtingClassPathChangeChangedEventListener : Restarting due to 23 class path changes (0 additions, 1 deletion, 22 modifications)
2026-10-02T00:12:41.343-03:00  INFO 47912 --- [zeroshop] [Thread-159] o.s.boot.tomcat.GracefulShutdown         : Commencing graceful shutdown. Waiting for active requests to complete
2026-10-02T00:12:41.347-03:00  INFO 47912 --- [zeroshop] [tomcat-shutdown] o.s.boot.tomcat.GracefulShutdown         : Graceful shutdown complete
2026-10-02T00:12:41.348-03:00  INFO 47912 --- [zeroshop] [Thread-159] j.LocalContainerEntityManagerFactoryBean : Closing JPA EntityManagerFactory for persistence unit 'default'
2026-10-02T00:12:41.349-03:00  INFO 47912 --- [zeroshop] [Thread-159] com.zaxxer.hikari.HikariDataSource       : HikariPool-40 - Shutdown initiated...
2026-10-02T00:12:41.350-03:00  INFO 47912 --- [zeroshop] [Thread-159] com.zaxxer.hikari.HikariDataSource       : HikariPool-40 - Shutdown completed.
2026-10-02T00:12:41.434-03:00  INFO 47912 --- [zeroshop] [restartedMain] ingsoftware.zeroshop.ZeroShopApp         : Starting ZeroShopApp using Java 21.0.12.1 with PID 47912 (C:\Users\Lucho\Desktop\zero-shop\target\classes started by Lucho in C:\Users\Lucho\Desktop\zero-shop)
2026-10-02T00:12:41.435-03:00  INFO 47912 --- [zeroshop] [restartedMain] ingsoftware.zeroshop.ZeroShopApp         : No active profile set, falling back to 1 default profile: "default"
2026-10-02T00:12:41.622-03:00  INFO 47912 --- [zeroshop] [restartedMain] .s.d.r.c.RepositoryConfigurationDelegate : Bootstrapping Spring Data JPA repositories in DEFAULT mode.
2026-10-02T00:12:41.657-03:00  INFO 47912 --- [zeroshop] [restartedMain] .s.d.r.c.RepositoryConfigurationDelegate : Finished Spring Data repository scanning in 33 ms. Found 29 JPA repository interfaces.
2026-10-02T00:12:41.697-03:00  INFO 47912 --- [zeroshop] [restartedMain] o.s.boot.tomcat.TomcatWebServer          : Tomcat initialized with port 8080 (http)
2026-10-02T00:12:41.698-03:00  INFO 47912 --- [zeroshop] [restartedMain] o.apache.catalina.core.StandardService   : Starting service [Tomcat]
2026-10-02T00:12:41.698-03:00  INFO 47912 --- [zeroshop] [restartedMain] o.apache.catalina.core.StandardEngine    : Starting Servlet engine: [Apache Tomcat/11.0.24]
2026-10-02T00:12:41.717-03:00  INFO 47912 --- [zeroshop] [restartedMain] b.w.c.s.WebApplicationContextInitializer : Root WebApplicationContext: initialization completed in 282 ms
2026-10-02T00:12:41.739-03:00  INFO 47912 --- [zeroshop] [restartedMain] org.hibernate.orm.jpa                    : HHH008540: Processing PersistenceUnitInfo [name: default]
2026-10-02T00:12:41.753-03:00  INFO 47912 --- [zeroshop] [restartedMain] o.s.o.j.p.SpringPersistenceUnitInfo      : No LoadTimeWeaver setup: ignoring JPA class transformer
2026-10-02T00:12:41.753-03:00  INFO 47912 --- [zeroshop] [restartedMain] com.zaxxer.hikari.HikariDataSource       : HikariPool-41 - Starting...
2026-10-02T00:12:41.775-03:00  INFO 47912 --- [zeroshop] [restartedMain] com.zaxxer.hikari.pool.HikariPool        : HikariPool-41 - Added connection org.postgresql.jdbc.PgConnection@79614bfe
2026-10-02T00:12:41.775-03:00  INFO 47912 --- [zeroshop] [restartedMain] com.zaxxer.hikari.HikariDataSource       : HikariPool-41 - Start completed.
2026-10-02T00:12:41.780-03:00  WARN 47912 --- [zeroshop] [restartedMain] org.hibernate.orm.deprecation            : HHH90000025: PostgreSQLDialect does not need to be specified explicitly using 'hibernate.dialect' (remove the property setting and it will be selected by default)
2026-10-02T00:12:41.784-03:00  INFO 47912 --- [zeroshop] [restartedMain] org.hibernate.orm.connections.pooling    : HHH10001005: Database info:
	Database JDBC URL [jdbc:postgresql://localhost:5432/zero-shop?currentSchema=public]
	Database driver: PostgreSQL JDBC Driver
	Database dialect: PostgreSQLDialect
	Database version: 18.6
	Default catalog/schema: zero-shop/public
	Autocommit mode: undefined/unknown
	Isolation level: READ_COMMITTED [default READ_COMMITTED]
	JDBC fetch size: none
	Pool: DataSourceConnectionProvider
	Minimum pool size: undefined/unknown
	Maximum pool size: undefined/unknown
2026-10-02T00:12:41.897-03:00  INFO 47912 --- [zeroshop] [restartedMain] org.hibernate.orm.core                   : HHH000489: No JTA platform available (set 'hibernate.transaction.jta.platform' to enable JTA platform integration)
2026-10-02T00:12:41.929-03:00  INFO 47912 --- [zeroshop] [restartedMain] j.LocalContainerEntityManagerFactoryBean : Initialized JPA EntityManagerFactory for persistence unit 'default'
2026-10-02T00:12:42.068-03:00  INFO 47912 --- [zeroshop] [restartedMain] ingsoftware.zeroshop.config.MailConfig   : JavaMailSender configurado exitosamente para la cuenta SMTP: juancruz.ambrosini2@gmail.com
2026-10-02T00:12:42.087-03:00  INFO 47912 --- [zeroshop] [restartedMain] i.z.s.transaction.MercadoPagoService     : Mercado Pago SDK inicializado correctamente.
2026-10-02T00:12:42.103-03:00  INFO 47912 --- [zeroshop] [restartedMain] i.z.service.storage.FileStorageService   : Directorio de almacenamiento de archivos inicializado en: C:\Users\Lucho\Desktop\zero-shop\uploads\products
2026-10-02T00:12:42.130-03:00  INFO 47912 --- [zeroshop] [restartedMain] r$InitializeUserDetailsManagerConfigurer : Global AuthenticationManager configured with UserDetailsService bean with name customUserDetailsService
2026-10-02T00:12:42.183-03:00  INFO 47912 --- [zeroshop] [restartedMain] o.s.b.d.a.OptionalLiveReloadServer       : LiveReload server is running on port 35729
2026-10-02T00:12:42.188-03:00  INFO 47912 --- [zeroshop] [restartedMain] o.s.boot.tomcat.TomcatWebServer          : Tomcat started on port 8080 (http) with context path '/'
2026-10-02T00:12:42.190-03:00  INFO 47912 --- [zeroshop] [restartedMain] ingsoftware.zeroshop.ZeroShopApp         : Started ZeroShopApp in 0.767 seconds (process running for 4485.134)
2026-10-02T00:12:42.192-03:00  INFO 47912 --- [zeroshop] [restartedMain] i.z.config.DatabaseMigrationRunner       : Restricción orders_status_check verificada y eliminada para permitir nuevos estados de pedido.
2026-10-02T00:12:42.195-03:00  INFO 47912 --- [zeroshop] [restartedMain] i.z.config.DatabaseMigrationRunner       : Columna orders.payment_method verificada y sincronizada.
2026-10-02T00:12:42.195-03:00  INFO 47912 --- [zeroshop] [restartedMain] i.z.config.DatabaseMigrationRunner       : Columna sale_orders.office_id verificada para permitir null en estado ON_CART.
2026-10-02T00:12:42.197-03:00  INFO 47912 --- [zeroshop] [restartedMain] i.z.config.DatabaseMigrationRunner       : Restricción única de users.person_id eliminada para permitir múltiples usuarios por persona.
2026-10-02T00:12:42.201-03:00  INFO 47912 --- [zeroshop] [restartedMain] i.z.config.DatabaseMigrationRunner       : Restricción sale_orders.client_id actualizada para referenciar persons(id).
2026-10-02T00:12:42.202-03:00  INFO 47912 --- [zeroshop] [restartedMain] i.z.config.DatabaseMigrationRunner       : Tabla person_addresses actualizada para permitir inserción de join table.
2026-10-02T00:12:42.202-03:00  INFO 47912 --- [zeroshop] [restartedMain] i.z.config.DatabaseMigrationRunner       : Tabla person_contacts actualizada para permitir inserción de join table.
2026-10-02T00:12:42.203-03:00  INFO 47912 --- [zeroshop] [restartedMain] i.z.config.DatabaseMigrationRunner       : Tabla supplier_addresses actualizada para permitir inserción de join table.
2026-10-02T00:12:42.203-03:00  INFO 47912 --- [zeroshop] [restartedMain] i.z.config.DatabaseMigrationRunner       : Tabla supplier_contacts actualizada para permitir inserción de join table.
2026-10-02T00:12:42.204-03:00  INFO 47912 --- [zeroshop] [restartedMain] i.z.config.DatabaseMigrationRunner       : Tabla pending_registrations verificada o creada con éxito.
2026-10-02T00:12:42.226-03:00  INFO 47912 --- [zeroshop] [restartedMain] i.zeroshop.config.DataInitializer        : La base de datos ya contiene datos registrados. Omitiendo repoblación automática.
2026-10-02T00:12:42.240-03:00  INFO 47912 --- [zeroshop] [restartedMain] i.zeroshop.config.DataInitializer        : Imágenes y nombres del catálogo inicial sincronizados con éxito desde products.json.
2026-10-02T00:12:42.240-03:00  INFO 47912 --- [zeroshop] [restartedMain] .ConditionEvaluationDeltaLoggingListener : Condition evaluation unchanged
2026-10-02T00:13:02.526-03:00  INFO 47912 --- [zeroshop] [File Watcher] rtingClassPathChangeChangedEventListener : Restarting due to 26 class path changes (4 additions, 0 deletions, 22 modifications)
2026-10-02T00:13:02.527-03:00  INFO 47912 --- [zeroshop] [Thread-163] o.s.boot.tomcat.GracefulShutdown         : Commencing graceful shutdown. Waiting for active requests to complete
2026-10-02T00:13:02.531-03:00  INFO 47912 --- [zeroshop] [tomcat-shutdown] o.s.boot.tomcat.GracefulShutdown         : Graceful shutdown complete
2026-10-02T00:13:02.533-03:00  INFO 47912 --- [zeroshop] [Thread-163] j.LocalContainerEntityManagerFactoryBean : Closing JPA EntityManagerFactory for persistence unit 'default'
2026-10-02T00:13:02.533-03:00  INFO 47912 --- [zeroshop] [Thread-163] com.zaxxer.hikari.HikariDataSource       : HikariPool-41 - Shutdown initiated...
2026-10-02T00:13:02.534-03:00  INFO 47912 --- [zeroshop] [Thread-163] com.zaxxer.hikari.HikariDataSource       : HikariPool-41 - Shutdown completed.
2026-10-02T00:13:02.625-03:00  INFO 47912 --- [zeroshop] [restartedMain] ingsoftware.zeroshop.ZeroShopApp         : Starting ZeroShopApp using Java 21.0.12.1 with PID 47912 (C:\Users\Lucho\Desktop\zero-shop\target\classes started by Lucho in C:\Users\Lucho\Desktop\zero-shop)
2026-10-02T00:13:02.626-03:00  INFO 47912 --- [zeroshop] [restartedMain] ingsoftware.zeroshop.ZeroShopApp         : No active profile set, falling back to 1 default profile: "default"
2026-10-02T00:13:02.841-03:00  INFO 47912 --- [zeroshop] [restartedMain] .s.d.r.c.RepositoryConfigurationDelegate : Bootstrapping Spring Data JPA repositories in DEFAULT mode.
2026-10-02T00:13:02.879-03:00  INFO 47912 --- [zeroshop] [restartedMain] .s.d.r.c.RepositoryConfigurationDelegate : Finished Spring Data repository scanning in 37 ms. Found 29 JPA repository interfaces.
2026-10-02T00:13:02.926-03:00  INFO 47912 --- [zeroshop] [restartedMain] o.s.boot.tomcat.TomcatWebServer          : Tomcat initialized with port 8080 (http)
2026-10-02T00:13:02.927-03:00  INFO 47912 --- [zeroshop] [restartedMain] o.apache.catalina.core.StandardService   : Starting service [Tomcat]
2026-10-02T00:13:02.927-03:00  INFO 47912 --- [zeroshop] [restartedMain] o.apache.catalina.core.StandardEngine    : Starting Servlet engine: [Apache Tomcat/11.0.24]
2026-10-02T00:13:02.951-03:00  INFO 47912 --- [zeroshop] [restartedMain] b.w.c.s.WebApplicationContextInitializer : Root WebApplicationContext: initialization completed in 325 ms
2026-10-02T00:13:02.983-03:00  INFO 47912 --- [zeroshop] [restartedMain] org.hibernate.orm.jpa                    : HHH008540: Processing PersistenceUnitInfo [name: default]
2026-10-02T00:13:03.001-03:00  INFO 47912 --- [zeroshop] [restartedMain] o.s.o.j.p.SpringPersistenceUnitInfo      : No LoadTimeWeaver setup: ignoring JPA class transformer
2026-10-02T00:13:03.002-03:00  INFO 47912 --- [zeroshop] [restartedMain] com.zaxxer.hikari.HikariDataSource       : HikariPool-42 - Starting...
2026-10-02T00:13:03.041-03:00  INFO 47912 --- [zeroshop] [restartedMain] com.zaxxer.hikari.pool.HikariPool        : HikariPool-42 - Added connection org.postgresql.jdbc.PgConnection@78315ba2
2026-10-02T00:13:03.042-03:00  INFO 47912 --- [zeroshop] [restartedMain] com.zaxxer.hikari.HikariDataSource       : HikariPool-42 - Start completed.
2026-10-02T00:13:03.049-03:00  WARN 47912 --- [zeroshop] [restartedMain] org.hibernate.orm.deprecation            : HHH90000025: PostgreSQLDialect does not need to be specified explicitly using 'hibernate.dialect' (remove the property setting and it will be selected by default)
2026-10-02T00:13:03.055-03:00  INFO 47912 --- [zeroshop] [restartedMain] org.hibernate.orm.connections.pooling    : HHH10001005: Database info:
	Database JDBC URL [jdbc:postgresql://localhost:5432/zero-shop?currentSchema=public]
	Database driver: PostgreSQL JDBC Driver
	Database dialect: PostgreSQLDialect
	Database version: 18.6
	Default catalog/schema: zero-shop/public
	Autocommit mode: undefined/unknown
	Isolation level: READ_COMMITTED [default READ_COMMITTED]
	JDBC fetch size: none
	Pool: DataSourceConnectionProvider
	Minimum pool size: undefined/unknown
	Maximum pool size: undefined/unknown
2026-10-02T00:13:03.174-03:00  INFO 47912 --- [zeroshop] [restartedMain] org.hibernate.orm.core                   : HHH000489: No JTA platform available (set 'hibernate.transaction.jta.platform' to enable JTA platform integration)
2026-10-02T00:13:03.206-03:00  INFO 47912 --- [zeroshop] [restartedMain] j.LocalContainerEntityManagerFactoryBean : Initialized JPA EntityManagerFactory for persistence unit 'default'
2026-10-02T00:13:03.355-03:00  INFO 47912 --- [zeroshop] [restartedMain] ingsoftware.zeroshop.config.MailConfig   : JavaMailSender configurado exitosamente para la cuenta SMTP: juancruz.ambrosini2@gmail.com
2026-10-02T00:13:03.376-03:00  INFO 47912 --- [zeroshop] [restartedMain] i.z.s.transaction.MercadoPagoService     : Mercado Pago SDK inicializado correctamente.
2026-10-02T00:13:03.397-03:00  INFO 47912 --- [zeroshop] [restartedMain] i.z.service.storage.FileStorageService   : Directorio de almacenamiento de archivos inicializado en: C:\Users\Lucho\Desktop\zero-shop\uploads\products
2026-10-02T00:13:03.430-03:00  INFO 47912 --- [zeroshop] [restartedMain] r$InitializeUserDetailsManagerConfigurer : Global AuthenticationManager configured with UserDetailsService bean with name customUserDetailsService
2026-10-02T00:13:03.497-03:00  INFO 47912 --- [zeroshop] [restartedMain] o.s.b.d.a.OptionalLiveReloadServer       : LiveReload server is running on port 35729
2026-10-02T00:13:03.502-03:00  INFO 47912 --- [zeroshop] [restartedMain] o.s.boot.tomcat.TomcatWebServer          : Tomcat started on port 8080 (http) with context path '/'
2026-10-02T00:13:03.503-03:00  INFO 47912 --- [zeroshop] [restartedMain] ingsoftware.zeroshop.ZeroShopApp         : Started ZeroShopApp in 0.89 seconds (process running for 4506.447)
2026-10-02T00:13:03.505-03:00  INFO 47912 --- [zeroshop] [restartedMain] i.z.config.DatabaseMigrationRunner       : Restricción orders_status_check verificada y eliminada para permitir nuevos estados de pedido.
2026-10-02T00:13:03.508-03:00  INFO 47912 --- [zeroshop] [restartedMain] i.z.config.DatabaseMigrationRunner       : Columna orders.payment_method verificada y sincronizada.
2026-10-02T00:13:03.508-03:00  INFO 47912 --- [zeroshop] [restartedMain] i.z.config.DatabaseMigrationRunner       : Columna sale_orders.office_id verificada para permitir null en estado ON_CART.
2026-10-02T00:13:03.509-03:00  INFO 47912 --- [zeroshop] [restartedMain] i.z.config.DatabaseMigrationRunner       : Restricción única de users.person_id eliminada para permitir múltiples usuarios por persona.
2026-10-02T00:13:03.512-03:00  INFO 47912 --- [zeroshop] [restartedMain] i.z.config.DatabaseMigrationRunner       : Restricción sale_orders.client_id actualizada para referenciar persons(id).
2026-10-02T00:13:03.513-03:00  INFO 47912 --- [zeroshop] [restartedMain] i.z.config.DatabaseMigrationRunner       : Tabla person_addresses actualizada para permitir inserción de join table.
2026-10-02T00:13:03.514-03:00  INFO 47912 --- [zeroshop] [restartedMain] i.z.config.DatabaseMigrationRunner       : Tabla person_contacts actualizada para permitir inserción de join table.
2026-10-02T00:13:03.514-03:00  INFO 47912 --- [zeroshop] [restartedMain] i.z.config.DatabaseMigrationRunner       : Tabla supplier_addresses actualizada para permitir inserción de join table.
2026-10-02T00:13:03.515-03:00  INFO 47912 --- [zeroshop] [restartedMain] i.z.config.DatabaseMigrationRunner       : Tabla supplier_contacts actualizada para permitir inserción de join table.
2026-10-02T00:13:03.515-03:00  INFO 47912 --- [zeroshop] [restartedMain] i.z.config.DatabaseMigrationRunner       : Tabla pending_registrations verificada o creada con éxito.
2026-10-02T00:13:03.536-03:00  INFO 47912 --- [zeroshop] [restartedMain] i.zeroshop.config.DataInitializer        : La base de datos ya contiene datos registrados. Omitiendo repoblación automática.
2026-10-02T00:13:03.551-03:00  INFO 47912 --- [zeroshop] [restartedMain] i.zeroshop.config.DataInitializer        : Imágenes y nombres del catálogo inicial sincronizados con éxito desde products.json.
2026-10-02T00:13:03.552-03:00  INFO 47912 --- [zeroshop] [restartedMain] .ConditionEvaluationDeltaLoggingListener : Condition evaluation unchanged
2026-10-02T00:13:19.574-03:00  INFO 47912 --- [zeroshop] [File Watcher] rtingClassPathChangeChangedEventListener : Restarting due to 26 class path changes (0 additions, 0 deletions, 26 modifications)
2026-10-02T00:13:19.576-03:00  INFO 47912 --- [zeroshop] [Thread-167] o.s.boot.tomcat.GracefulShutdown         : Commencing graceful shutdown. Waiting for active requests to complete
2026-10-02T00:13:19.579-03:00  INFO 47912 --- [zeroshop] [tomcat-shutdown] o.s.boot.tomcat.GracefulShutdown         : Graceful shutdown complete
2026-10-02T00:13:19.580-03:00  INFO 47912 --- [zeroshop] [Thread-167] j.LocalContainerEntityManagerFactoryBean : Closing JPA EntityManagerFactory for persistence unit 'default'
2026-10-02T00:13:19.580-03:00  INFO 47912 --- [zeroshop] [Thread-167] com.zaxxer.hikari.HikariDataSource       : HikariPool-42 - Shutdown initiated...
2026-10-02T00:13:19.581-03:00  INFO 47912 --- [zeroshop] [Thread-167] com.zaxxer.hikari.HikariDataSource       : HikariPool-42 - Shutdown completed.
2026-10-02T00:13:19.660-03:00  INFO 47912 --- [zeroshop] [restartedMain] ingsoftware.zeroshop.ZeroShopApp         : Starting ZeroShopApp using Java 21.0.12.1 with PID 47912 (C:\Users\Lucho\Desktop\zero-shop\target\classes started by Lucho in C:\Users\Lucho\Desktop\zero-shop)
2026-10-02T00:13:19.660-03:00  INFO 47912 --- [zeroshop] [restartedMain] ingsoftware.zeroshop.ZeroShopApp         : No active profile set, falling back to 1 default profile: "default"
2026-10-02T00:13:19.847-03:00  INFO 47912 --- [zeroshop] [restartedMain] .s.d.r.c.RepositoryConfigurationDelegate : Bootstrapping Spring Data JPA repositories in DEFAULT mode.
2026-10-02T00:13:19.875-03:00  INFO 47912 --- [zeroshop] [restartedMain] .s.d.r.c.RepositoryConfigurationDelegate : Finished Spring Data repository scanning in 27 ms. Found 29 JPA repository interfaces.
2026-10-02T00:13:19.908-03:00  INFO 47912 --- [zeroshop] [restartedMain] o.s.boot.tomcat.TomcatWebServer          : Tomcat initialized with port 8080 (http)
2026-10-02T00:13:19.909-03:00  INFO 47912 --- [zeroshop] [restartedMain] o.apache.catalina.core.StandardService   : Starting service [Tomcat]
2026-10-02T00:13:19.909-03:00  INFO 47912 --- [zeroshop] [restartedMain] o.apache.catalina.core.StandardEngine    : Starting Servlet engine: [Apache Tomcat/11.0.24]
2026-10-02T00:13:19.924-03:00  INFO 47912 --- [zeroshop] [restartedMain] b.w.c.s.WebApplicationContextInitializer : Root WebApplicationContext: initialization completed in 263 ms
2026-10-02T00:13:19.946-03:00  INFO 47912 --- [zeroshop] [restartedMain] org.hibernate.orm.jpa                    : HHH008540: Processing PersistenceUnitInfo [name: default]
2026-10-02T00:13:19.957-03:00  INFO 47912 --- [zeroshop] [restartedMain] o.s.o.j.p.SpringPersistenceUnitInfo      : No LoadTimeWeaver setup: ignoring JPA class transformer
2026-10-02T00:13:19.957-03:00  INFO 47912 --- [zeroshop] [restartedMain] com.zaxxer.hikari.HikariDataSource       : HikariPool-43 - Starting...
2026-10-02T00:13:19.986-03:00  INFO 47912 --- [zeroshop] [restartedMain] com.zaxxer.hikari.pool.HikariPool        : HikariPool-43 - Added connection org.postgresql.jdbc.PgConnection@3e8b8382
2026-10-02T00:13:19.986-03:00  INFO 47912 --- [zeroshop] [restartedMain] com.zaxxer.hikari.HikariDataSource       : HikariPool-43 - Start completed.
2026-10-02T00:13:19.990-03:00  WARN 47912 --- [zeroshop] [restartedMain] org.hibernate.orm.deprecation            : HHH90000025: PostgreSQLDialect does not need to be specified explicitly using 'hibernate.dialect' (remove the property setting and it will be selected by default)
2026-10-02T00:13:19.994-03:00  INFO 47912 --- [zeroshop] [restartedMain] org.hibernate.orm.connections.pooling    : HHH10001005: Database info:
	Database JDBC URL [jdbc:postgresql://localhost:5432/zero-shop?currentSchema=public]
	Database driver: PostgreSQL JDBC Driver
	Database dialect: PostgreSQLDialect
	Database version: 18.6
	Default catalog/schema: zero-shop/public
	Autocommit mode: undefined/unknown
	Isolation level: READ_COMMITTED [default READ_COMMITTED]
	JDBC fetch size: none
	Pool: DataSourceConnectionProvider
	Minimum pool size: undefined/unknown
	Maximum pool size: undefined/unknown
2026-10-02T00:13:20.079-03:00  INFO 47912 --- [zeroshop] [restartedMain] org.hibernate.orm.core                   : HHH000489: No JTA platform available (set 'hibernate.transaction.jta.platform' to enable JTA platform integration)
2026-10-02T00:13:20.111-03:00  INFO 47912 --- [zeroshop] [restartedMain] j.LocalContainerEntityManagerFactoryBean : Initialized JPA EntityManagerFactory for persistence unit 'default'
2026-10-02T00:13:20.240-03:00  INFO 47912 --- [zeroshop] [restartedMain] ingsoftware.zeroshop.config.MailConfig   : JavaMailSender configurado exitosamente para la cuenta SMTP: juancruz.ambrosini2@gmail.com
2026-10-02T00:13:20.256-03:00  INFO 47912 --- [zeroshop] [restartedMain] i.z.s.transaction.MercadoPagoService     : Mercado Pago SDK inicializado correctamente.
2026-10-02T00:13:20.273-03:00  INFO 47912 --- [zeroshop] [restartedMain] i.z.service.storage.FileStorageService   : Directorio de almacenamiento de archivos inicializado en: C:\Users\Lucho\Desktop\zero-shop\uploads\products
2026-10-02T00:13:20.303-03:00  INFO 47912 --- [zeroshop] [restartedMain] r$InitializeUserDetailsManagerConfigurer : Global AuthenticationManager configured with UserDetailsService bean with name customUserDetailsService
2026-10-02T00:13:20.356-03:00  INFO 47912 --- [zeroshop] [restartedMain] o.s.b.d.a.OptionalLiveReloadServer       : LiveReload server is running on port 35729
2026-10-02T00:13:20.362-03:00  INFO 47912 --- [zeroshop] [restartedMain] o.s.boot.tomcat.TomcatWebServer          : Tomcat started on port 8080 (http) with context path '/'
2026-10-02T00:13:20.363-03:00  INFO 47912 --- [zeroshop] [restartedMain] ingsoftware.zeroshop.ZeroShopApp         : Started ZeroShopApp in 0.714 seconds (process running for 4523.307)
2026-10-02T00:13:20.380-03:00  INFO 47912 --- [zeroshop] [restartedMain] i.zeroshop.config.DataInitializer        : La base de datos ya contiene datos registrados. Omitiendo repoblación automática.
2026-10-02T00:13:20.393-03:00  INFO 47912 --- [zeroshop] [restartedMain] i.zeroshop.config.DataInitializer        : Imágenes y nombres del catálogo inicial sincronizados con éxito desde products.json.
2026-10-02T00:13:20.394-03:00  INFO 47912 --- [zeroshop] [restartedMain] i.z.config.DatabaseMigrationRunner       : Restricción orders_status_check verificada y eliminada para permitir nuevos estados de pedido.
2026-10-02T00:13:20.397-03:00  INFO 47912 --- [zeroshop] [restartedMain] i.z.config.DatabaseMigrationRunner       : Columna orders.payment_method verificada y sincronizada.
2026-10-02T00:13:20.397-03:00  INFO 47912 --- [zeroshop] [restartedMain] i.z.config.DatabaseMigrationRunner       : Columna sale_orders.office_id verificada para permitir null en estado ON_CART.
2026-10-02T00:13:20.398-03:00  INFO 47912 --- [zeroshop] [restartedMain] i.z.config.DatabaseMigrationRunner       : Restricción única de users.person_id eliminada para permitir múltiples usuarios por persona.
2026-10-02T00:13:20.406-03:00  INFO 47912 --- [zeroshop] [restartedMain] i.z.config.DatabaseMigrationRunner       : Restricción sale_orders.client_id actualizada para referenciar persons(id).
2026-10-02T00:13:20.412-03:00  INFO 47912 --- [zeroshop] [restartedMain] i.z.config.DatabaseMigrationRunner       : Tabla person_addresses actualizada para permitir inserción de join table.
2026-10-02T00:13:20.413-03:00  INFO 47912 --- [zeroshop] [restartedMain] i.z.config.DatabaseMigrationRunner       : Tabla person_contacts actualizada para permitir inserción de join table.
2026-10-02T00:13:20.414-03:00  INFO 47912 --- [zeroshop] [restartedMain] i.z.config.DatabaseMigrationRunner       : Tabla supplier_addresses actualizada para permitir inserción de join table.
2026-10-02T00:13:20.414-03:00  INFO 47912 --- [zeroshop] [restartedMain] i.z.config.DatabaseMigrationRunner       : Tabla supplier_contacts actualizada para permitir inserción de join table.
2026-10-02T00:13:20.415-03:00  INFO 47912 --- [zeroshop] [restartedMain] i.z.config.DatabaseMigrationRunner       : Tabla pending_registrations verificada o creada con éxito.
2026-10-02T00:13:20.416-03:00  INFO 47912 --- [zeroshop] [restartedMain] .ConditionEvaluationDeltaLoggingListener : Condition evaluation unchanged
2026-10-02T00:13:31.277-03:00  INFO 48964 --- [zeroshop] [main] .z.CheckoutAndPaymentFlowIntegrationTest : Starting CheckoutAndPaymentFlowIntegrationTest using Java 26.0.2.1 with PID 48964 (started by Lucho in C:\Users\Lucho\Desktop\zero-shop)
2026-10-02T00:13:31.278-03:00  INFO 48964 --- [zeroshop] [main] .z.CheckoutAndPaymentFlowIntegrationTest : No active profile set, falling back to 1 default profile: "default"
2026-10-02T00:13:31.787-03:00  INFO 48964 --- [zeroshop] [main] .s.d.r.c.RepositoryConfigurationDelegate : Bootstrapping Spring Data JPA repositories in DEFAULT mode.
2026-10-02T00:13:31.873-03:00  INFO 48964 --- [zeroshop] [main] .s.d.r.c.RepositoryConfigurationDelegate : Finished Spring Data repository scanning in 80 ms. Found 29 JPA repository interfaces.
2026-10-02T00:13:32.322-03:00  INFO 48964 --- [zeroshop] [main] org.hibernate.orm.jpa                    : HHH008540: Processing PersistenceUnitInfo [name: default]
2026-10-02T00:13:32.355-03:00  INFO 48964 --- [zeroshop] [main] org.hibernate.orm.core                   : HHH000001: Hibernate ORM core version 7.4.5.Final
2026-10-02T00:13:32.653-03:00  INFO 48964 --- [zeroshop] [main] o.s.o.j.p.SpringPersistenceUnitInfo      : No LoadTimeWeaver setup: ignoring JPA class transformer
2026-10-02T00:13:32.669-03:00  INFO 48964 --- [zeroshop] [main] com.zaxxer.hikari.HikariDataSource       : HikariPool-1 - Starting...
2026-10-02T00:13:32.769-03:00  INFO 48964 --- [zeroshop] [main] com.zaxxer.hikari.pool.HikariPool        : HikariPool-1 - Added connection org.postgresql.jdbc.PgConnection@1669f4e5
2026-10-02T00:13:32.770-03:00  INFO 48964 --- [zeroshop] [main] com.zaxxer.hikari.HikariDataSource       : HikariPool-1 - Start completed.
2026-10-02T00:13:32.787-03:00  WARN 48964 --- [zeroshop] [main] org.hibernate.orm.deprecation            : HHH90000025: PostgreSQLDialect does not need to be specified explicitly using 'hibernate.dialect' (remove the property setting and it will be selected by default)
2026-10-02T00:13:32.805-03:00  INFO 48964 --- [zeroshop] [main] org.hibernate.orm.connections.pooling    : HHH10001005: Database info:
	Database JDBC URL [jdbc:postgresql://localhost:5432/zero-shop?currentSchema=public]
	Database driver: PostgreSQL JDBC Driver
	Database dialect: PostgreSQLDialect
	Database version: 18.6
	Default catalog/schema: zero-shop/public
	Autocommit mode: undefined/unknown
	Isolation level: READ_COMMITTED [default READ_COMMITTED]
	JDBC fetch size: none
	Pool: DataSourceConnectionProvider
	Minimum pool size: undefined/unknown
	Maximum pool size: undefined/unknown
2026-10-02T00:13:33.640-03:00  INFO 48964 --- [zeroshop] [main] org.hibernate.orm.core                   : HHH000489: No JTA platform available (set 'hibernate.transaction.jta.platform' to enable JTA platform integration)
2026-10-02T00:13:33.704-03:00  INFO 48964 --- [zeroshop] [main] j.LocalContainerEntityManagerFactoryBean : Initialized JPA EntityManagerFactory for persistence unit 'default'
2026-10-02T00:13:33.772-03:00  INFO 48964 --- [zeroshop] [main] o.s.d.j.r.query.QueryEnhancerFactories   : Hibernate is in classpath; If applicable, HQL parser will be used.
2026-10-02T00:13:34.396-03:00  INFO 48964 --- [zeroshop] [main] ingsoftware.zeroshop.config.MailConfig   : JavaMailSender configurado exitosamente para la cuenta SMTP: juancruz.ambrosini2@gmail.com
2026-10-02T00:13:34.452-03:00  INFO 48964 --- [zeroshop] [main] i.z.s.transaction.MercadoPagoService     : Mercado Pago SDK inicializado correctamente.
2026-10-02T00:13:34.501-03:00  INFO 48964 --- [zeroshop] [main] i.z.service.storage.FileStorageService   : Directorio de almacenamiento de archivos inicializado en: C:\Users\Lucho\Desktop\zero-shop\uploads\products
2026-10-02T00:13:34.650-03:00  INFO 48964 --- [zeroshop] [main] r$InitializeUserDetailsManagerConfigurer : Global AuthenticationManager configured with UserDetailsService bean with name customUserDetailsService
2026-10-02T00:13:35.027-03:00  INFO 48964 --- [zeroshop] [main] .z.CheckoutAndPaymentFlowIntegrationTest : Started CheckoutAndPaymentFlowIntegrationTest in 3.912 seconds (process running for 4.541)
2026-10-02T00:13:35.141-03:00  INFO 48964 --- [zeroshop] [main] i.zeroshop.config.DataInitializer        : La base de datos ya contiene datos registrados. Omitiendo repoblación automática.
2026-10-02T00:13:35.205-03:00  INFO 48964 --- [zeroshop] [main] i.zeroshop.config.DataInitializer        : Imágenes y nombres del catálogo inicial sincronizados con éxito desde products.json.
2026-10-02T00:13:35.208-03:00  INFO 48964 --- [zeroshop] [main] i.z.config.DatabaseMigrationRunner       : Restricción orders_status_check verificada y eliminada para permitir nuevos estados de pedido.
2026-10-02T00:13:35.212-03:00  INFO 48964 --- [zeroshop] [main] i.z.config.DatabaseMigrationRunner       : Columna orders.payment_method verificada y sincronizada.
2026-10-02T00:13:35.213-03:00  INFO 48964 --- [zeroshop] [main] i.z.config.DatabaseMigrationRunner       : Columna sale_orders.office_id verificada para permitir null en estado ON_CART.
2026-10-02T00:13:35.214-03:00  INFO 48964 --- [zeroshop] [main] i.z.config.DatabaseMigrationRunner       : Restricción única de users.person_id eliminada para permitir múltiples usuarios por persona.
2026-10-02T00:13:35.218-03:00  INFO 48964 --- [zeroshop] [main] i.z.config.DatabaseMigrationRunner       : Restricción sale_orders.client_id actualizada para referenciar persons(id).
2026-10-02T00:13:35.219-03:00  INFO 48964 --- [zeroshop] [main] i.z.config.DatabaseMigrationRunner       : Tabla person_addresses actualizada para permitir inserción de join table.
2026-10-02T00:13:35.220-03:00  INFO 48964 --- [zeroshop] [main] i.z.config.DatabaseMigrationRunner       : Tabla person_contacts actualizada para permitir inserción de join table.
2026-10-02T00:13:35.221-03:00  INFO 48964 --- [zeroshop] [main] i.z.config.DatabaseMigrationRunner       : Tabla supplier_addresses actualizada para permitir inserción de join table.
2026-10-02T00:13:35.222-03:00  INFO 48964 --- [zeroshop] [main] i.z.config.DatabaseMigrationRunner       : Tabla supplier_contacts actualizada para permitir inserción de join table.
2026-10-02T00:13:35.225-03:00  INFO 48964 --- [zeroshop] [main] i.z.config.DatabaseMigrationRunner       : Tabla pending_registrations verificada o creada con éxito.
2026-10-02T00:13:35.625-03:00  INFO 48964 --- [zeroshop] [main] i.z.service.transaction.PaymentService   : Factura FC-0001-00000006 generada exitosamente para la orden ID: 474eb535-7a1f-4359-9e36-1911cae2e5b7
2026-10-02T00:13:35.688-03:00  INFO 48964 --- [zeroshop] [main] i.z.service.transaction.PaymentService   : Factura FC-0001-00000006 generada exitosamente para la orden ID: 474eb535-7a1f-4359-9e36-1911cae2e5b7
2026-10-02T00:13:35.786-03:00  INFO 48964 --- [zeroshop] [main] i.z.service.transaction.PaymentService   : Factura FC-0001-00000006 generada exitosamente para la orden ID: 474eb535-7a1f-4359-9e36-1911cae2e5b7
2026-10-02T00:13:36.786-03:00  INFO 48964 --- [zeroshop] [main] i.z.s.transaction.MercadoPagoService     : Redirigiendo a checkout de Mercado Pago: https://www.mercadopago.com.ar/checkout/v1/redirect?pref_id=3683034692-762da4da-d8cf-4061-bfe3-8d623191fbc2
2026-10-02T00:13:36.794-03:00  INFO 48964 --- [zeroshop] [main] i.z.service.transaction.PaymentService   : Factura FC-0001-00000006 generada exitosamente para la orden ID: 474eb535-7a1f-4359-9e36-1911cae2e5b7
2026-10-02T00:13:36.798-03:00  INFO 48964 --- [zeroshop] [main] i.z.s.transaction.SaleOrderService       : Enviando correo de confirmación de orden #474eb535-7a1f-4359-9e36-1911cae2e5b7 a client@gmail.com
2026-10-02T00:13:36.803-03:00  WARN 48964 --- [zeroshop] [main] org.hibernate.orm.persistenceContext     : Narrowing proxy to class ingsoftware.zeroshop.entity.actor.Employee - this operation breaks ==
2026-10-02T00:13:36.803-03:00  WARN 48964 --- [zeroshop] [main] org.hibernate.orm.persistenceContext     : Narrowing proxy to class ingsoftware.zeroshop.entity.actor.Employee - this operation breaks ==
2026-10-02T00:13:36.827-03:00  INFO 48964 --- [zeroshop] [main] i.z.service.transaction.PaymentService   : Factura FC-0001-00000006 generada exitosamente para la orden ID: 474eb535-7a1f-4359-9e36-1911cae2e5b7
2026-10-02T00:13:37.868-03:00 ERROR 48964 --- [zeroshop] [task-2] i.z.service.notification.EmailService    : Fallo de transporte SMTP al enviar correo HTML a client@gmail.com: Failed messages: org.eclipse.angus.mail.smtp.SMTPSendFailedException: 550-5.4.5 Daily user sending limit exceeded. For more information on Gmail
550-5.4.5 sending limits go to
550 5.4.5  https://support.google.com/a/answer/166852 71dfb90a1353d-5da61112dfesm2146065e0c.4 - gsmtp


org.springframework.mail.MailSendException: Failed messages: org.eclipse.angus.mail.smtp.SMTPSendFailedException: 550-5.4.5 Daily user sending limit exceeded. For more information on Gmail
550-5.4.5 sending limits go to
550 5.4.5  https://support.google.com/a/answer/166852 71dfb90a1353d-5da61112dfesm2146065e0c.4 - gsmtp
; message exceptions (1) are:
Failed message 1: org.eclipse.angus.mail.smtp.SMTPSendFailedException: 550-5.4.5 Daily user sending limit exceeded. For more information on Gmail
550-5.4.5 sending limits go to
550 5.4.5  https://support.google.com/a/answer/166852 71dfb90a1353d-5da61112dfesm2146065e0c.4 - gsmtp

	at org.springframework.mail.javamail.JavaMailSenderImpl.doSend(JavaMailSenderImpl.java:440) ~[spring-context-support-7.0.9.jar:7.0.9]
	at org.springframework.mail.javamail.JavaMailSenderImpl.send(JavaMailSenderImpl.java:337) ~[spring-context-support-7.0.9.jar:7.0.9]
	at org.springframework.mail.javamail.JavaMailSender.send(JavaMailSender.java:101) ~[spring-context-support-7.0.9.jar:7.0.9]
	at ingsoftware.zeroshop.service.notification.EmailService.sendHtmlEmail(EmailService.java:89) ~[classes/:na]
	at ingsoftware.zeroshop.service.notification.EmailService.sendOrderReceiptEmail(EmailService.java:216) ~[classes/:na]
	at java.base/jdk.internal.reflect.DirectMethodHandleAccessor.invoke(DirectMethodHandleAccessor.java:104) ~[na:na]
	at java.base/java.lang.reflect.Method.invoke(Method.java:565) ~[na:na]
	at org.springframework.aop.support.AopUtils.invokeJoinpointUsingReflection(AopUtils.java:359) ~[spring-aop-7.0.9.jar:7.0.9]
	at org.springframework.aop.framework.ReflectiveMethodInvocation.invokeJoinpoint(ReflectiveMethodInvocation.java:190) ~[spring-aop-7.0.9.jar:7.0.9]
	at org.springframework.aop.framework.ReflectiveMethodInvocation.proceed(ReflectiveMethodInvocation.java:158) ~[spring-aop-7.0.9.jar:7.0.9]
	at org.springframework.aop.interceptor.AsyncExecutionInterceptor.lambda$invoke$0(AsyncExecutionInterceptor.java:112) ~[spring-aop-7.0.9.jar:7.0.9]
	at java.base/java.util.concurrent.FutureTask.run(FutureTask.java:330) ~[na:na]
	at java.base/java.util.concurrent.ThreadPoolExecutor.runWorker(ThreadPoolExecutor.java:1090) ~[na:na]
	at java.base/java.util.concurrent.ThreadPoolExecutor$Worker.run(ThreadPoolExecutor.java:614) ~[na:na]
	at java.base/java.lang.Thread.run(Thread.java:1516) ~[na:na]

2026-10-02T00:13:37.897-03:00 ERROR 48964 --- [zeroshop] [task-3] i.z.service.notification.EmailService    : Fallo de transporte SMTP al enviar correo HTML a client@gmail.com: Failed messages: org.eclipse.angus.mail.smtp.SMTPSendFailedException: 550-5.4.5 Daily user sending limit exceeded. For more information on Gmail
550-5.4.5 sending limits go to
550 5.4.5  https://support.google.com/a/answer/166852 ada2fe7eead31-7c0ff5c2776sm1268515137.5 - gsmtp


org.springframework.mail.MailSendException: Failed messages: org.eclipse.angus.mail.smtp.SMTPSendFailedException: 550-5.4.5 Daily user sending limit exceeded. For more information on Gmail
550-5.4.5 sending limits go to
550 5.4.5  https://support.google.com/a/answer/166852 ada2fe7eead31-7c0ff5c2776sm1268515137.5 - gsmtp
; message exceptions (1) are:
Failed message 1: org.eclipse.angus.mail.smtp.SMTPSendFailedException: 550-5.4.5 Daily user sending limit exceeded. For more information on Gmail
550-5.4.5 sending limits go to
550 5.4.5  https://support.google.com/a/answer/166852 ada2fe7eead31-7c0ff5c2776sm1268515137.5 - gsmtp

	at org.springframework.mail.javamail.JavaMailSenderImpl.doSend(JavaMailSenderImpl.java:440) ~[spring-context-support-7.0.9.jar:7.0.9]
	at org.springframework.mail.javamail.JavaMailSenderImpl.send(JavaMailSenderImpl.java:337) ~[spring-context-support-7.0.9.jar:7.0.9]
	at org.springframework.mail.javamail.JavaMailSender.send(JavaMailSender.java:101) ~[spring-context-support-7.0.9.jar:7.0.9]
	at ingsoftware.zeroshop.service.notification.EmailService.sendHtmlEmail(EmailService.java:89) ~[classes/:na]
	at ingsoftware.zeroshop.service.notification.EmailService.sendOrderReceiptEmail(EmailService.java:216) ~[classes/:na]
	at java.base/jdk.internal.reflect.DirectMethodHandleAccessor.invoke(DirectMethodHandleAccessor.java:104) ~[na:na]
	at java.base/java.lang.reflect.Method.invoke(Method.java:565) ~[na:na]
	at org.springframework.aop.support.AopUtils.invokeJoinpointUsingReflection(AopUtils.java:359) ~[spring-aop-7.0.9.jar:7.0.9]
	at org.springframework.aop.framework.ReflectiveMethodInvocation.invokeJoinpoint(ReflectiveMethodInvocation.java:190) ~[spring-aop-7.0.9.jar:7.0.9]
	at org.springframework.aop.framework.ReflectiveMethodInvocation.proceed(ReflectiveMethodInvocation.java:158) ~[spring-aop-7.0.9.jar:7.0.9]
	at org.springframework.aop.interceptor.AsyncExecutionInterceptor.lambda$invoke$0(AsyncExecutionInterceptor.java:112) ~[spring-aop-7.0.9.jar:7.0.9]
	at java.base/java.util.concurrent.FutureTask.run(FutureTask.java:330) ~[na:na]
	at java.base/java.util.concurrent.ThreadPoolExecutor.runWorker(ThreadPoolExecutor.java:1090) ~[na:na]
	at java.base/java.util.concurrent.ThreadPoolExecutor$Worker.run(ThreadPoolExecutor.java:614) ~[na:na]
	at java.base/java.lang.Thread.run(Thread.java:1516) ~[na:na]

2026-10-02T00:13:38.390-03:00 ERROR 48964 --- [zeroshop] [task-1] i.z.service.notification.EmailService    : Fallo de transporte SMTP al enviar correo HTML a client@gmail.com: Failed messages: org.eclipse.angus.mail.smtp.SMTPSendFailedException: 550-5.4.5 Daily user sending limit exceeded. For more information on Gmail
550-5.4.5 sending limits go to
550 5.4.5  https://support.google.com/a/answer/166852 ada2fe7eead31-7c100026109sm1261315137.9 - gsmtp


org.springframework.mail.MailSendException: Failed messages: org.eclipse.angus.mail.smtp.SMTPSendFailedException: 550-5.4.5 Daily user sending limit exceeded. For more information on Gmail
550-5.4.5 sending limits go to
550 5.4.5  https://support.google.com/a/answer/166852 ada2fe7eead31-7c100026109sm1261315137.9 - gsmtp
; message exceptions (1) are:
Failed message 1: org.eclipse.angus.mail.smtp.SMTPSendFailedException: 550-5.4.5 Daily user sending limit exceeded. For more information on Gmail
550-5.4.5 sending limits go to
550 5.4.5  https://support.google.com/a/answer/166852 ada2fe7eead31-7c100026109sm1261315137.9 - gsmtp

	at org.springframework.mail.javamail.JavaMailSenderImpl.doSend(JavaMailSenderImpl.java:440) ~[spring-context-support-7.0.9.jar:7.0.9]
	at org.springframework.mail.javamail.JavaMailSenderImpl.send(JavaMailSenderImpl.java:337) ~[spring-context-support-7.0.9.jar:7.0.9]
	at org.springframework.mail.javamail.JavaMailSender.send(JavaMailSender.java:101) ~[spring-context-support-7.0.9.jar:7.0.9]
	at ingsoftware.zeroshop.service.notification.EmailService.sendHtmlEmail(EmailService.java:89) ~[classes/:na]
	at ingsoftware.zeroshop.service.notification.EmailService.sendOrderReceiptEmail(EmailService.java:216) ~[classes/:na]
	at java.base/jdk.internal.reflect.DirectMethodHandleAccessor.invoke(DirectMethodHandleAccessor.java:104) ~[na:na]
	at java.base/java.lang.reflect.Method.invoke(Method.java:565) ~[na:na]
	at org.springframework.aop.support.AopUtils.invokeJoinpointUsingReflection(AopUtils.java:359) ~[spring-aop-7.0.9.jar:7.0.9]
	at org.springframework.aop.framework.ReflectiveMethodInvocation.invokeJoinpoint(ReflectiveMethodInvocation.java:190) ~[spring-aop-7.0.9.jar:7.0.9]
	at org.springframework.aop.framework.ReflectiveMethodInvocation.proceed(ReflectiveMethodInvocation.java:158) ~[spring-aop-7.0.9.jar:7.0.9]
	at org.springframework.aop.interceptor.AsyncExecutionInterceptor.lambda$invoke$0(AsyncExecutionInterceptor.java:112) ~[spring-aop-7.0.9.jar:7.0.9]
	at java.base/java.util.concurrent.FutureTask.run(FutureTask.java:330) ~[na:na]
	at java.base/java.util.concurrent.ThreadPoolExecutor.runWorker(ThreadPoolExecutor.java:1090) ~[na:na]
	at java.base/java.util.concurrent.ThreadPoolExecutor$Worker.run(ThreadPoolExecutor.java:614) ~[na:na]
	at java.base/java.lang.Thread.run(Thread.java:1516) ~[na:na]

2026-10-02T00:13:38.989-03:00 ERROR 48964 --- [zeroshop] [task-7] i.z.service.notification.EmailService    : Fallo de transporte SMTP al enviar correo HTML a client@gmail.com: Failed messages: org.eclipse.angus.mail.smtp.SMTPSendFailedException: 550-5.4.5 Daily user sending limit exceeded. For more information on Gmail
550-5.4.5 sending limits go to
550 5.4.5  https://support.google.com/a/answer/166852 71dfb90a1353d-5da635c7209sm2049036e0c.15 - gsmtp


org.springframework.mail.MailSendException: Failed messages: org.eclipse.angus.mail.smtp.SMTPSendFailedException: 550-5.4.5 Daily user sending limit exceeded. For more information on Gmail
550-5.4.5 sending limits go to
550 5.4.5  https://support.google.com/a/answer/166852 71dfb90a1353d-5da635c7209sm2049036e0c.15 - gsmtp
; message exceptions (1) are:
Failed message 1: org.eclipse.angus.mail.smtp.SMTPSendFailedException: 550-5.4.5 Daily user sending limit exceeded. For more information on Gmail
550-5.4.5 sending limits go to
550 5.4.5  https://support.google.com/a/answer/166852 71dfb90a1353d-5da635c7209sm2049036e0c.15 - gsmtp

	at org.springframework.mail.javamail.JavaMailSenderImpl.doSend(JavaMailSenderImpl.java:440) ~[spring-context-support-7.0.9.jar:7.0.9]
	at org.springframework.mail.javamail.JavaMailSenderImpl.send(JavaMailSenderImpl.java:337) ~[spring-context-support-7.0.9.jar:7.0.9]
	at org.springframework.mail.javamail.JavaMailSender.send(JavaMailSender.java:101) ~[spring-context-support-7.0.9.jar:7.0.9]
	at ingsoftware.zeroshop.service.notification.EmailService.sendHtmlEmail(EmailService.java:89) ~[classes/:na]
	at ingsoftware.zeroshop.service.notification.EmailService.sendOrderReceiptEmail(EmailService.java:216) ~[classes/:na]
	at java.base/jdk.internal.reflect.DirectMethodHandleAccessor.invoke(DirectMethodHandleAccessor.java:104) ~[na:na]
	at java.base/java.lang.reflect.Method.invoke(Method.java:565) ~[na:na]
	at org.springframework.aop.support.AopUtils.invokeJoinpointUsingReflection(AopUtils.java:359) ~[spring-aop-7.0.9.jar:7.0.9]
	at org.springframework.aop.framework.ReflectiveMethodInvocation.invokeJoinpoint(ReflectiveMethodInvocation.java:190) ~[spring-aop-7.0.9.jar:7.0.9]
	at org.springframework.aop.framework.ReflectiveMethodInvocation.proceed(ReflectiveMethodInvocation.java:158) ~[spring-aop-7.0.9.jar:7.0.9]
	at org.springframework.aop.interceptor.AsyncExecutionInterceptor.lambda$invoke$0(AsyncExecutionInterceptor.java:112) ~[spring-aop-7.0.9.jar:7.0.9]
	at java.base/java.util.concurrent.FutureTask.run(FutureTask.java:330) ~[na:na]
	at java.base/java.util.concurrent.ThreadPoolExecutor.runWorker(ThreadPoolExecutor.java:1090) ~[na:na]
	at java.base/java.util.concurrent.ThreadPoolExecutor$Worker.run(ThreadPoolExecutor.java:614) ~[na:na]
	at java.base/java.lang.Thread.run(Thread.java:1516) ~[na:na]

2026-10-02T00:13:39.535-03:00 ERROR 48964 --- [zeroshop] [task-4] i.z.service.notification.EmailService    : Fallo de transporte SMTP al enviar correo HTML a client@gmail.com: Failed messages: org.eclipse.angus.mail.smtp.SMTPSendFailedException: 550-5.4.5 Daily user sending limit exceeded. For more information on Gmail
550-5.4.5 sending limits go to
550 5.4.5  https://support.google.com/a/answer/166852 ada2fe7eead31-7c0fdc72980sm1324203137.2 - gsmtp


org.springframework.mail.MailSendException: Failed messages: org.eclipse.angus.mail.smtp.SMTPSendFailedException: 550-5.4.5 Daily user sending limit exceeded. For more information on Gmail
550-5.4.5 sending limits go to
550 5.4.5  https://support.google.com/a/answer/166852 ada2fe7eead31-7c0fdc72980sm1324203137.2 - gsmtp
; message exceptions (1) are:
Failed message 1: org.eclipse.angus.mail.smtp.SMTPSendFailedException: 550-5.4.5 Daily user sending limit exceeded. For more information on Gmail
550-5.4.5 sending limits go to
550 5.4.5  https://support.google.com/a/answer/166852 ada2fe7eead31-7c0fdc72980sm1324203137.2 - gsmtp

	at org.springframework.mail.javamail.JavaMailSenderImpl.doSend(JavaMailSenderImpl.java:440) ~[spring-context-support-7.0.9.jar:7.0.9]
	at org.springframework.mail.javamail.JavaMailSenderImpl.send(JavaMailSenderImpl.java:337) ~[spring-context-support-7.0.9.jar:7.0.9]
	at org.springframework.mail.javamail.JavaMailSender.send(JavaMailSender.java:101) ~[spring-context-support-7.0.9.jar:7.0.9]
	at ingsoftware.zeroshop.service.notification.EmailService.sendHtmlEmail(EmailService.java:89) ~[classes/:na]
	at ingsoftware.zeroshop.service.notification.EmailService.sendOrderReceiptEmail(EmailService.java:216) ~[classes/:na]
	at java.base/jdk.internal.reflect.DirectMethodHandleAccessor.invoke(DirectMethodHandleAccessor.java:104) ~[na:na]
	at java.base/java.lang.reflect.Method.invoke(Method.java:565) ~[na:na]
	at org.springframework.aop.support.AopUtils.invokeJoinpointUsingReflection(AopUtils.java:359) ~[spring-aop-7.0.9.jar:7.0.9]
	at org.springframework.aop.framework.ReflectiveMethodInvocation.invokeJoinpoint(ReflectiveMethodInvocation.java:190) ~[spring-aop-7.0.9.jar:7.0.9]
	at org.springframework.aop.framework.ReflectiveMethodInvocation.proceed(ReflectiveMethodInvocation.java:158) ~[spring-aop-7.0.9.jar:7.0.9]
	at org.springframework.aop.interceptor.AsyncExecutionInterceptor.lambda$invoke$0(AsyncExecutionInterceptor.java:112) ~[spring-aop-7.0.9.jar:7.0.9]
	at java.base/java.util.concurrent.FutureTask.run(FutureTask.java:330) ~[na:na]
	at java.base/java.util.concurrent.ThreadPoolExecutor.runWorker(ThreadPoolExecutor.java:1090) ~[na:na]
	at java.base/java.util.concurrent.ThreadPoolExecutor$Worker.run(ThreadPoolExecutor.java:614) ~[na:na]
	at java.base/java.lang.Thread.run(Thread.java:1516) ~[na:na]

2026-10-02T00:13:39.535-03:00 ERROR 48964 --- [zeroshop] [task-5] i.z.service.notification.EmailService    : Fallo de transporte SMTP al enviar correo HTML a client@gmail.com: Failed messages: org.eclipse.angus.mail.smtp.SMTPSendFailedException: 550-5.4.5 Daily user sending limit exceeded. For more information on Gmail
550-5.4.5 sending limits go to
550 5.4.5  https://support.google.com/a/answer/166852 71dfb90a1353d-5da641687a9sm2096160e0c.17 - gsmtp


org.springframework.mail.MailSendException: Failed messages: org.eclipse.angus.mail.smtp.SMTPSendFailedException: 550-5.4.5 Daily user sending limit exceeded. For more information on Gmail
550-5.4.5 sending limits go to
550 5.4.5  https://support.google.com/a/answer/166852 71dfb90a1353d-5da641687a9sm2096160e0c.17 - gsmtp
; message exceptions (1) are:
Failed message 1: org.eclipse.angus.mail.smtp.SMTPSendFailedException: 550-5.4.5 Daily user sending limit exceeded. For more information on Gmail
550-5.4.5 sending limits go to
550 5.4.5  https://support.google.com/a/answer/166852 71dfb90a1353d-5da641687a9sm2096160e0c.17 - gsmtp

	at org.springframework.mail.javamail.JavaMailSenderImpl.doSend(JavaMailSenderImpl.java:440) ~[spring-context-support-7.0.9.jar:7.0.9]
	at org.springframework.mail.javamail.JavaMailSenderImpl.send(JavaMailSenderImpl.java:337) ~[spring-context-support-7.0.9.jar:7.0.9]
	at org.springframework.mail.javamail.JavaMailSender.send(JavaMailSender.java:101) ~[spring-context-support-7.0.9.jar:7.0.9]
	at ingsoftware.zeroshop.service.notification.EmailService.sendHtmlEmail(EmailService.java:89) ~[classes/:na]
	at ingsoftware.zeroshop.service.notification.EmailService.sendOrderReceiptEmail(EmailService.java:216) ~[classes/:na]
	at java.base/jdk.internal.reflect.DirectMethodHandleAccessor.invoke(DirectMethodHandleAccessor.java:104) ~[na:na]
	at java.base/java.lang.reflect.Method.invoke(Method.java:565) ~[na:na]
	at org.springframework.aop.support.AopUtils.invokeJoinpointUsingReflection(AopUtils.java:359) ~[spring-aop-7.0.9.jar:7.0.9]
	at org.springframework.aop.framework.ReflectiveMethodInvocation.invokeJoinpoint(ReflectiveMethodInvocation.java:190) ~[spring-aop-7.0.9.jar:7.0.9]
	at org.springframework.aop.framework.ReflectiveMethodInvocation.proceed(ReflectiveMethodInvocation.java:158) ~[spring-aop-7.0.9.jar:7.0.9]
	at org.springframework.aop.interceptor.AsyncExecutionInterceptor.lambda$invoke$0(AsyncExecutionInterceptor.java:112) ~[spring-aop-7.0.9.jar:7.0.9]
	at java.base/java.util.concurrent.FutureTask.run(FutureTask.java:330) ~[na:na]
	at java.base/java.util.concurrent.ThreadPoolExecutor.runWorker(ThreadPoolExecutor.java:1090) ~[na:na]
	at java.base/java.util.concurrent.ThreadPoolExecutor$Worker.run(ThreadPoolExecutor.java:614) ~[na:na]
	at java.base/java.lang.Thread.run(Thread.java:1516) ~[na:na]

2026-10-02T00:13:39.561-03:00 ERROR 48964 --- [zeroshop] [task-6] i.z.service.notification.EmailService    : Fallo de transporte SMTP al enviar correo HTML a client@gmail.com: Failed messages: org.eclipse.angus.mail.smtp.SMTPSendFailedException: 550-5.4.5 Daily user sending limit exceeded. For more information on Gmail
550-5.4.5 sending limits go to
550 5.4.5  https://support.google.com/a/answer/166852 a1e0cc1a2514c-98b2f12fbc7sm1758478241.11 - gsmtp


org.springframework.mail.MailSendException: Failed messages: org.eclipse.angus.mail.smtp.SMTPSendFailedException: 550-5.4.5 Daily user sending limit exceeded. For more information on Gmail
550-5.4.5 sending limits go to
550 5.4.5  https://support.google.com/a/answer/166852 a1e0cc1a2514c-98b2f12fbc7sm1758478241.11 - gsmtp
; message exceptions (1) are:
Failed message 1: org.eclipse.angus.mail.smtp.SMTPSendFailedException: 550-5.4.5 Daily user sending limit exceeded. For more information on Gmail
550-5.4.5 sending limits go to
550 5.4.5  https://support.google.com/a/answer/166852 a1e0cc1a2514c-98b2f12fbc7sm1758478241.11 - gsmtp

	at org.springframework.mail.javamail.JavaMailSenderImpl.doSend(JavaMailSenderImpl.java:440) ~[spring-context-support-7.0.9.jar:7.0.9]
	at org.springframework.mail.javamail.JavaMailSenderImpl.send(JavaMailSenderImpl.java:337) ~[spring-context-support-7.0.9.jar:7.0.9]
	at org.springframework.mail.javamail.JavaMailSender.send(JavaMailSender.java:101) ~[spring-context-support-7.0.9.jar:7.0.9]
	at ingsoftware.zeroshop.service.notification.EmailService.sendHtmlEmail(EmailService.java:89) ~[classes/:na]
	at ingsoftware.zeroshop.service.notification.EmailService.sendOrderReceiptEmail(EmailService.java:216) ~[classes/:na]
	at java.base/jdk.internal.reflect.DirectMethodHandleAccessor.invoke(DirectMethodHandleAccessor.java:104) ~[na:na]
	at java.base/java.lang.reflect.Method.invoke(Method.java:565) ~[na:na]
	at org.springframework.aop.support.AopUtils.invokeJoinpointUsingReflection(AopUtils.java:359) ~[spring-aop-7.0.9.jar:7.0.9]
	at org.springframework.aop.framework.ReflectiveMethodInvocation.invokeJoinpoint(ReflectiveMethodInvocation.java:190) ~[spring-aop-7.0.9.jar:7.0.9]
	at org.springframework.aop.framework.ReflectiveMethodInvocation.proceed(ReflectiveMethodInvocation.java:158) ~[spring-aop-7.0.9.jar:7.0.9]
	at org.springframework.aop.interceptor.AsyncExecutionInterceptor.lambda$invoke$0(AsyncExecutionInterceptor.java:112) ~[spring-aop-7.0.9.jar:7.0.9]
	at java.base/java.util.concurrent.FutureTask.run(FutureTask.java:330) ~[na:na]
	at java.base/java.util.concurrent.ThreadPoolExecutor.runWorker(ThreadPoolExecutor.java:1090) ~[na:na]
	at java.base/java.util.concurrent.ThreadPoolExecutor$Worker.run(ThreadPoolExecutor.java:614) ~[na:na]
	at java.base/java.lang.Thread.run(Thread.java:1516) ~[na:na]

2026-10-02T00:13:39.564-03:00  INFO 48964 --- [zeroshop] [SpringApplicationShutdownHook] j.LocalContainerEntityManagerFactoryBean : Closing JPA EntityManagerFactory for persistence unit 'default'
2026-10-02T00:13:39.565-03:00  INFO 48964 --- [zeroshop] [SpringApplicationShutdownHook] com.zaxxer.hikari.HikariDataSource       : HikariPool-1 - Shutdown initiated...
2026-10-02T00:13:39.567-03:00  INFO 48964 --- [zeroshop] [SpringApplicationShutdownHook] com.zaxxer.hikari.HikariDataSource       : HikariPool-1 - Shutdown completed.
